x_ref_m; y_ref_m; width_right_m; width_left_m; x_normvec_m; y_normvec_m; alpha_m; s_racetraj_m; psi_racetraj_rad; kappa_racetraj_radpm; vx_racetraj_mps; ax_racetraj_mps2
11.1272972; 15.5610968; 0.9604407; 1.1213024; -0.8424315; 0.5388035; -0.0372978; 0.0000000; 2.5318130; -0.0075372; 11.4512171; 5.4513599
10.5740497; 14.6997248; 1.0192498; 1.0682952; -0.8402877; 0.5421408; 0.0061066; 1.0247210; 2.5270012; -0.0061711; 11.7797321; 5.5169070
10.0231695; 13.8501584; 1.0612894; 1.0136238; -0.8377323; 0.5460811; 0.0504711; 2.0380954; 2.5199124; -0.0041642; 12.4212888; 5.5702142
9.4731632; 13.0112589; 1.1031742; 0.9718258; -0.8347644; 0.5506073; 0.0936875; 3.0417588; 2.5172037; -0.0035634; 12.7313206; 5.6045967
8.9225371; 12.1818874; 1.1473980; 0.9476102; -0.8313787; 0.5557062; 0.1341583; 4.0373952; 2.5130635; -0.0023547; 13.3355364; 5.6529968
8.3697978; 11.3609052; 1.1724584; 0.9154393; -0.8275757; 0.5613541; 0.1704306; 5.0267348; 2.5116252; -0.0017519; 13.6290327; 5.6484126
7.8134517; 10.5471735; 1.1841330; 0.8916581; -0.8233592; 0.5675206; 0.2011216; 6.0115621; 2.5099251; -0.0007205; 14.1986107; 5.6866795
7.2520053; 9.7395535; 1.2446814; 0.8252880; -0.8187376; 0.5741678; 0.2249744; 6.9937273; 2.5095725; -0.0002872; 14.4762461; 4.9380257
6.6839652; 8.9369065; 1.2383658; 0.8143572; -0.8137236; 0.5812521; 0.2408731; 7.9751505; 2.5094936; 0.0000619; 14.7130815; 3.3326240
6.1078378; 8.1380936; 1.2448291; 0.8338144; -0.8083346; 0.5887233; 0.2478523; 8.9578223; 2.5098705; 0.0003650; 14.9432440; -1.2989801
5.5221295; 7.3419761; 1.2281297; 0.8460837; -0.8025916; 0.5965289; 0.2452090; 9.9437978; 2.5100901; 0.0002625; 14.8822718; -3.9791481
4.9253469; 6.5474152; 1.2028084; 0.8721916; -0.7965240; 0.6046070; 0.2325034; 10.9351849; 2.5102560; -0.0001515; 14.4319493; -6.7025677
4.3159965; 5.7532721; 1.1803378; 0.9143139; -0.7901492; 0.6129145; 0.2094688; 11.9341221; 2.5099672; -0.0006692; 14.1031130; -6.7701928
3.6925847; 4.9584080; 1.1351533; 0.9555106; -0.7835480; 0.6213312; 0.1761870; 12.9427825; 2.5093606; -0.0010583; 13.7629851; -6.6967799
3.0536181; 4.1616842; 1.0799268; 1.0044078; -0.7765771; 0.6300222; 0.1330176; 13.9632731; 2.5064449; -0.0034296; 13.0686408; -6.5895115
2.3977235; 3.3619673; 1.0174204; 1.0666762; -0.7701241; 0.6378940; 0.0812233; 14.9977529; 2.5040080; -0.0035446; 12.7107939; -6.5142851
1.7277561; 2.5583143; 0.9434310; 1.1315690; -0.7668728; 0.6417991; 0.0236812; 16.0453181; 2.5008389; -0.0003727; 11.9772618; -6.4429693
1.0518131; 1.7500184; 0.8730774; 1.2019226; -0.7680344; 0.6404086; -0.0350241; 17.1005910; 2.5007761; 0.0001912; 11.5946050; -6.4026106
0.3783176; 0.9363874; 0.8136485; 1.2714722; -0.7733064; 0.6340325; -0.0889476; 18.1576405; 2.5016239; 0.0009406; 10.7988241; -6.4260417
-0.2843070; 0.1167293; 0.7554231; 1.3195769; -0.7826934; 0.6224074; -0.1314937; 19.2108268; 2.5023847; 0.0012340; 10.3739272; -6.4074451
-0.9276373; -0.7096482; 0.7243659; 1.3595592; -0.7961150; 0.6051453; -0.1559245; 20.2552250; 2.5042499; 0.0013580; 9.4744592; -6.5166104
-1.5432501; -1.5434373; 0.7162361; 1.3747848; -0.8134705; 0.5816062; -0.1553459; 21.2871023; 2.5054351; 0.0020298; 8.9801085; -6.4424022
-2.1227221; -2.3853300; 0.7297911; 1.3452089; -0.8345555; 0.5509239; -0.1246514; 22.3044206; 2.5135578; 0.0115117; 7.9284719; -5.9637409
-2.6576300; -3.2360186; 0.7861498; 1.2888502; -0.8589835; 0.5120032; -0.0638502; 23.3068825; 2.5243238; 0.0192968; 7.3831995; -5.2749834
-3.1395504; -4.0961952; 0.9008744; 1.1907466; -0.8860667; 0.4635577; 0.0235137; 24.2957250; 2.5687913; 0.0478385; 6.3854692; -3.6405034
-3.5600600; -4.9665520; 1.0527977; 1.0191449; -0.9146606; 0.4042227; 0.1275412; 25.2730936; 2.6100404; 0.0702358; 5.9730760; -2.7291520
-3.9107356; -5.8477811; 1.3124787; 0.7314676; -0.9430214; 0.3327321; 0.2311131; 26.2412828; 2.6675014; 0.0940271; 5.6441933; -2.3484531
-4.1831538; -6.7405747; 1.4951997; 0.5344189; -0.9686504; 0.2484277; 0.3155811; 27.2031413; 2.8320127; 0.1398571; 5.0799060; -1.2154928
-4.3688913; -7.6456249; 1.5208372; 0.4855137; -0.9885031; 0.1512009; 0.3644863; 28.1628985; 2.9355525; 0.1559879; 4.9095618; -0.5419942
-4.4595737; -8.5636065; 1.4582355; 0.6176820; -0.9990171; 0.0443262; 0.3681325; 29.1256799; -3.1197566; 0.1619786; 4.7864353; -0.2562138
-4.4504142; -9.4939169; 1.2124067; 0.8163933; -0.9980281; -0.0627691; 0.3242855; 30.0950750; -3.0106254; 0.1497326; 4.7488180; 0.4921006
-4.3426004; -10.4338262; 1.1030805; 0.9547195; -0.9865224; -0.1636263; 0.2417832; 31.0741029; -2.9139443; 0.1271029; 4.8208087; 1.2437062
-4.1378856; -11.3804031; 0.9996093; 1.0611531; -0.9663522; -0.2572227; 0.1410780; 32.0664919; -2.7689046; 0.0807857; 5.2711812; 3.0543949
-3.8380228; -12.3307165; 0.9438419; 1.0833420; -0.9394983; -0.3425536; 0.0457919; 33.0761405; -2.7183864; 0.0637383; 5.6622786; 3.6029020
-3.4447652; -13.2818352; 0.8945170; 1.1748830; -0.9076850; -0.4196522; -0.0271202; 34.1088846; -2.6440940; 0.0450733; 6.4836104; 2.4445968
-2.9598661; -14.2308279; 0.8468612; 1.2225388; -0.8727298; -0.4882036; -0.0694085; 35.1718347; -2.6144848; 0.0395061; 6.7423701; -1.7224855
-2.3851888; -15.1742374; 0.8009501; 1.2691749; -0.8342722; -0.5513528; -0.0790974; 36.2711420; -2.5567004; 0.0465644; 6.2223774; -3.4282993
-1.7276570; -16.0844759; 0.7907355; 1.2823295; -0.7828566; -0.6222021; -0.0592645; 37.3883726; -2.5192104; 0.0611202; 5.8239573; -3.2759685
-1.0012517; -16.9002986; 0.8388597; 1.2361403; -0.7035581; -0.7106377; -0.0111403; 38.4781367; -2.4081124; 0.1013141; 5.0018554; -2.6794588
-0.2204781; -17.5579631; 0.9893516; 1.1048977; -0.5683071; -0.8228165; 0.0673529; 39.5083265; -2.3196831; 0.1515908; 4.6116599; -2.4538935
0.6003257; -17.9958849; 1.2203287; 0.8701137; -0.3536880; -0.9353635; 0.1688511; 40.4753356; -2.0040322; 0.3049484; 3.8464825; -1.6993654
1.4499842; -18.1933799; 1.3127055; 0.6475705; -0.0954810; -0.9954313; 0.2560624; 41.4116921; -1.7722521; 0.3564097; 3.5236877; -0.6037622
2.3201485; -18.1663264; 1.4210678; 0.5766095; 0.1514175; -0.9884699; 0.2733905; 42.3525571; -1.2585331; 0.3309152; 3.2789281; -0.2239165
3.2025634; -17.9321578; 1.3807367; 0.6685505; 0.3456742; -0.9383546; 0.1835467; 43.3197409; -1.0599102; 0.2295975; 3.2307730; 4.4382077
4.0881755; -17.5418418; 1.2368168; 0.8381832; 0.4388759; -0.8985477; 0.0245507; 44.3133804; -0.9588363; 0.0631779; 4.0805921; 1.2545228
4.9663666; -17.1121225; 0.9590938; 1.1159062; 0.4259610; -0.9047415; -0.1390228; 45.3067413; -0.9689775; -0.0839548; 4.0410389; -3.7661372
5.8263362; -16.7673920; 0.6205239; 1.4629665; 0.2887495; -0.9574047; -0.3069425; 46.2840209; -1.0984239; -0.2895969; 3.3252869; -1.1229416
6.6575332; -16.6293475; 0.4373041; 1.4272776; 0.0129746; -0.9999158; -0.4126959; 47.2393713; -1.3463199; -0.4140561; 3.0798463; -0.1081059
7.4566298; -16.7414680; 0.4458043; 1.5412714; -0.2734257; -0.9618931; -0.4180111; 48.1721275; -1.9330323; -0.3488854; 3.1473954; -0.2053969
8.2284678; -17.0587754; 0.7517298; 1.3232702; -0.4683429; -0.8835468; -0.3431164; 49.0934420; -2.1548990; -0.2825066; 3.1013786; -0.0698816
8.9783252; -17.5315707; 1.0137405; 1.0612595; -0.5857887; -0.8104638; -0.2022119; 50.0303220; -2.3142317; -0.1700267; 3.0855660; 2.6811286
9.7107681; -18.1181931; 1.1720551; 0.9029449; -0.6590957; -0.7520591; -0.0529449; 50.9928370; -2.4252746; -0.0121880; 4.6707856; 5.7164156
10.4287174; -18.7955548; 1.2539763; 0.8186035; -0.7092876; -0.7049192; 0.0486513; 51.9854774; -2.4328219; -0.0094486; 5.4606797; 5.5538839
11.1348626; -19.5431834; 1.2713073; 0.7840639; -0.7419618; -0.6704421; 0.1020381; 53.0117696; -2.4360105; 0.0045805; 6.7336080; 5.3308179
11.8318933; -20.3406064; 1.2632943; 0.8092011; -0.7618616; -0.6477398; 0.1134574; 54.0677159; -2.4319854; 0.0068931; 7.2666663; 5.2300719
12.5224988; -21.1673511; 1.2227030; 0.8522970; -0.7714732; -0.6362618; 0.0927115; 55.1435897; -2.4201630; 0.0096665; 8.2181673; 5.2154073
13.2093687; -22.0029451; 1.1151200; 0.9556246; -0.7721108; -0.6354879; 0.0523955; 56.2258972; -2.4131614; 0.0103710; 8.6509921; 5.2443782
13.8951925; -22.8269159; 1.0739013; 1.0010987; -0.7633335; -0.6460046; 0.0059800; 57.2992934; -2.3951262; 0.0149427; 9.4683336; 5.3412676
14.5821017; -23.6218504; 0.9973895; 1.0776105; -0.7501145; -0.6613079; -0.0349122; 58.3504119; -2.3869559; 0.0082508; 9.8552997; 5.4114018
15.2690445; -24.3877986; 0.9413609; 1.1336391; -0.7393322; -0.6733409; -0.0624903; 59.3788739; -2.3840480; -0.0035641; 10.6017162; 5.5136375
15.9538408; -25.1309972; 0.9000996; 1.1749004; -0.7320466; -0.6812545; -0.0735573; 60.3887981; -2.3880059; -0.0077803; 10.9597121; 4.6202621
16.6343095; -25.8576899; 0.9217690; 1.1532310; -0.7284814; -0.6850656; -0.0675466; 61.3840012; -2.4049941; -0.0163536; 11.4686025; 1.7712934
17.3082694; -26.5741205; 0.8920697; 1.1829303; -0.7289344; -0.6845835; -0.0447196; 62.3679174; -2.4177267; -0.0200614; 11.5762081; -0.2713625
17.9735391; -27.2865328; 0.9133116; 1.1616884; -0.7335099; -0.6796788; -0.0066199; 63.3435706; -2.4324872; -0.0218892; 11.5597879; -0.8916658
18.6279376; -28.0011705; 0.9226395; 1.1473891; -0.7421695; -0.6702122; 0.0428934; 64.3135881; -2.4643481; -0.0231436; 11.4292372; -1.1181046
19.2692836; -28.7242775; 0.9764330; 1.0985670; -0.7547030; -0.6560666; 0.0984928; 65.2803887; -2.4805754; -0.0231985; 11.3605526; -1.5970297
19.8953958; -29.4620974; 1.0047408; 1.0671028; -0.7707249; -0.6371681; 0.1547408; 66.2465594; -2.5136543; -0.0234540; 11.1451830; -2.0452569
20.5040931; -30.2208742; 1.0737681; 1.0206083; -0.7896855; -0.6135119; 0.2064779; 67.2152198; -2.5294024; -0.0214966; 11.0159800; -2.7468677
21.0931943; -31.0068515; 1.0965923; 0.9939678; -0.8108638; -0.5852349; 0.2465922; 68.1902845; -2.5434037; -0.0185210; 10.8400320; -3.2621768
21.6605180; -31.8262731; 1.1290633; 0.9451493; -0.8335036; -0.5525141; 0.2670455; 69.1769302; -2.5662095; -0.0147251; 10.3769268; -4.5009472
22.2038831; -32.6853829; 1.1231331; 0.9462669; -0.8565155; -0.5161213; 0.2611975; 70.1821055; -2.5764625; -0.0145639; 10.0687357; -5.1393738
22.7211084; -33.5904246; 1.1191491; 0.9429904; -0.8797954; -0.4753525; 0.2258877; 71.2137168; -2.6026335; -0.0215598; 9.3004953; -5.9877819
23.2105349; -34.5466981; 1.0626388; 1.0067612; -0.8988300; -0.4382974; 0.1628883; 72.2816454; -2.6162000; -0.0173065; 8.8383553; -5.7313537
23.6811149; -35.5403262; 1.0172875; 1.0521125; -0.9063362; -0.4225574; 0.0794427; 73.3819062; -2.6215238; 0.0113671; 7.9100127; -4.7742669
24.1516880; -36.5395628; 1.0257070; 1.0436930; -0.9010886; -0.4336350; -0.0172852; 74.4908109; -2.6095407; 0.0229710; 7.4755930; -4.1999000
24.6414707; -37.5119804; 1.0158818; 1.0535182; -0.8823552; -0.4705841; -0.1171491; 75.5812174; -2.5599694; 0.0490699; 6.6905009; -2.9651131
25.1696799; -38.4251514; 1.0144262; 1.0587004; -0.8442871; -0.5358911; -0.2065284; 76.6276018; -2.5205246; 0.0635080; 6.3727346; -2.5952233
25.7555323; -39.2466482; 0.9574756; 1.1175244; -0.7765370; -0.6300716; -0.2675244; 77.6109950; -2.4097874; 0.0970849; 5.8142372; -2.0626814
26.4182444; -39.9440431; 0.8523101; 1.1694003; -0.6603032; -0.7509991; -0.2789020; 78.5276325; -2.3312733; 0.1268779; 5.5603661; -2.0589269
27.1760400; -40.4859333; 0.9215194; 1.1594816; -0.4946305; -0.8691034; -0.2255137; 79.4102301; -2.2333729; 0.1511990; 5.2948319; -1.9515883
28.0260755; -40.8626525; 1.0201378; 1.0157684; -0.3173552; -0.9483067; -0.1098247; 80.3151879; -2.0180688; 0.1543412; 4.8044593; -0.8399590
28.9453808; -41.0853010; 1.0919399; 0.9495549; -0.1563200; -0.9877065; 0.0453828; 81.2688862; -1.9077721; 0.1600573; 4.6804824; -0.3667501
29.9101812; -41.1658093; 1.1125572; 0.8926428; -0.0136803; -0.9999064; 0.2062933; 82.2687950; -1.6799214; 0.1652103; 4.5783918; -0.3016134
30.8967017; -41.1161079; 1.3164796; 0.8407413; 0.1113189; -0.9937847; 0.3380289; 83.3001277; -1.5627794; 0.1694729; 4.5320441; -0.3061144
31.8811677; -40.9481275; 1.2634144; 0.7529010; 0.2229421; -0.9748317; 0.4134142; 84.3453779; -1.4445418; 0.1697325; 4.4845149; -0.2581319
32.8398042; -40.6737984; 1.3699851; 0.6741923; 0.3262750; -0.9452749; 0.4171562; 85.3885144; -1.2043893; 0.1736782; 4.4112087; 0.1111591
33.7493560; -40.3049585; 1.4223686; 0.6470314; 0.4245688; -0.9053957; 0.3488072; 86.4141634; -1.0851804; 0.1663835; 4.4288126; 0.4631222
34.5997118; -39.8510960; 1.3853569; 0.6507757; 0.5151847; -0.8570792; 0.2249406; 87.4161435; -0.8756420; 0.1248683; 4.6399823; 2.0154050
35.3946026; -39.3192252; 1.2664720; 0.8085280; 0.5946915; -0.8039540; 0.0770734; 88.3987113; -0.7992164; 0.0927921; 4.9346665; 3.3396782
36.1384190; -38.7162424; 1.1640846; 0.9109154; 0.6623026; -0.7492364; -0.0609154; 89.3670827; -0.7064947; 0.0449976; 5.9363418; 5.4763515
36.8355516; -38.0490438; 0.9835554; 1.0997530; 0.7182213; -0.6958148; -0.1674458; 90.3292769; -0.6793175; 0.0325342; 6.5503326; 5.7054596
37.4903911; -37.3245257; 0.8092607; 1.2646273; 0.7634858; -0.6458246; -0.2359305; 91.2947944; -0.6585231; 0.0272397; 7.1340244; 5.7569362
38.1073279; -36.5495846; 0.7098915; 1.3595085; 0.7994896; -0.6006799; -0.2684268; 92.2713500; -0.6253347; 0.0212182; 8.1851422; 5.6067156
38.6907527; -35.7311166; 0.6344648; 1.4197511; 0.8276889; -0.5611872; -0.2700011; 93.2634295; -0.6109635; 0.0198648; 8.6513445; 5.5273468
39.2450561; -34.8760181; 0.6442616; 1.4012739; 0.8494159; -0.5277241; -0.2468153; 94.2724251; -0.5848455; 0.0174838; 9.5043186; 5.4792532
39.7746287; -33.9911853; 0.6573182; 1.3729592; 0.8657932; -0.5004020; -0.2051750; 95.2972581; -0.5730145; 0.0163142; 9.8996382; 5.3791026
40.2838610; -33.0835147; 0.6988218; 1.3133781; 0.8777132; -0.4791864; -0.1511782; 96.3350658; -0.5518480; 0.0139267; 10.6347523; 5.3851382
40.7771436; -32.1599024; 0.8602695; 1.2130818; 0.8858258; -0.4640180; -0.0907014; 97.3817920; -0.5425143; 0.0127483; 10.9834860; 5.3165036
41.2588672; -31.2272448; 0.8994411; 1.1175540; 0.8906162; -0.4547558; -0.0293892; 98.4326470; -0.5264126; 0.0098965; 11.6437379; 5.3611257
41.7334223; -30.2924382; 1.0342327; 1.0351673; 0.8921916; -0.4516571; 0.0276574; 99.4825275; -0.5203157; 0.0075346; 11.9616898; 5.3370172
42.2051326; -29.3622636; 1.0902360; 0.9831236; 0.8912757; -0.4534619; 0.0764813; 100.5264971; -0.5110283; 0.0065685; 12.5735000; 5.4136854
42.6763416; -28.4400894; 1.1517900; 0.9176100; 0.8897674; -0.4564143; 0.1146778; 101.5624786; -0.5059672; 0.0079068; 12.8713587; 5.3994769
43.1471308; -27.5253854; 1.1633028; 0.8720526; 0.8885228; -0.4588324; 0.1414446; 102.5912313; -0.4949023; 0.0077070; 13.4480311; 5.4761067
43.6174582; -26.6174088; 1.2221887; 0.8472113; 0.8873939; -0.4610119; 0.1572039; 103.6135496; -0.4896183; 0.0074001; 13.7301093; 5.4541150
44.0872816; -25.7154165; 1.2533919; 0.8160081; 0.8864297; -0.4628633; 0.1629365; 104.6302512; -0.4845797; 0.0069801; 14.0054087; 5.4899036
44.5565591; -24.8186657; 1.2195201; 0.8399331; 0.8856251; -0.4644010; 0.1597618; 105.6420961; -0.4754505; 0.0060433; 14.5453433; 5.5055141
45.0252485; -23.9264132; 1.2027476; 0.8666524; 0.8849886; -0.4656127; 0.1488550; 106.6498062; -0.4714054; 0.0055076; 14.8079216; 5.5244081
45.4933078; -23.0379163; 1.1933085; 0.8760915; 0.8845240; -0.4664947; 0.1314396; 107.6540621; -0.4644927; 0.0043509; 15.3224644; 5.5451776
45.9606950; -22.1524319; 1.1340241; 0.9353759; 0.8842351; -0.4670420; 0.1087743; 108.6555101; -0.4616607; 0.0037388; 15.5737270; 5.5422058
46.4273679; -21.2692171; 1.1002320; 0.9691680; 0.8841245; -0.4672514; 0.0821338; 109.6547677; -0.4572925; 0.0025039; 16.0650219; 5.5676536
46.8932846; -20.3875289; 1.0945378; 0.9748622; 0.8841936; -0.4671207; 0.0527848; 110.6524312; -0.4557527; 0.0018955; 16.3058104; 5.5416869
47.3584030; -19.5066243; 1.0876279; 0.9817721; 0.8844434; -0.4666475; 0.0219595; 111.6490836; -0.4538910; 0.0007935; 16.7753705; 5.5639555
47.8226809; -18.6257604; 1.0531050; 1.0162950; 0.8848708; -0.4658365; -0.0091772; 112.6453037; -0.4535089; 0.0003100; 17.0059519; 5.5320628
48.2860765; -17.7441942; 1.0205681; 1.0488319; 0.8854836; -0.4646706; -0.0395822; 113.6416735; -0.4534059; -0.0000155; 17.2321531; 5.5304277
48.7485510; -16.8612202; 1.0012416; 1.0681584; 0.8862152; -0.4632737; -0.0683950; 114.6387622; -0.4539454; -0.0007627; 17.6759557; 5.5180702
49.2101074; -15.9765648; 1.0016933; 1.0677067; 0.8869513; -0.4618629; -0.0949718; 115.6368087; -0.4545963; -0.0010968; 17.8931417; 5.4989020
49.6707748; -15.0902318; 1.0181130; 1.1101760; 0.8876647; -0.4604904; -0.1188885; 116.6358295; -0.4564113; -0.0014382; 18.3185075; 5.5017704
50.1305829; -14.2022295; 1.0089179; 1.0604821; 0.8883618; -0.4591440; -0.1399111; 117.6358402; -0.4574451; -0.0015152; 18.5275473; 5.4687214
50.5895613; -13.3125662; 0.9966463; 1.0727537; 0.8890413; -0.4578270; -0.1579481; 118.6368625; -0.4585132; -0.0015337; 18.7330198; 5.2112540
51.0477396; -12.4212504; 0.9744128; 1.0949872; 0.8897037; -0.4565384; -0.1729986; 119.6389192; -0.4606495; -0.0014976; 19.1041869; 3.2274058
51.5051476; -11.5282903; 0.9552525; 1.1141475; 0.8903491; -0.4552785; -0.1851326; 120.6420337; -0.4616621; -0.0013960; 19.2220762; 1.6522064
51.9618148; -10.6336943; 0.9436346; 1.1257654; 0.8909776; -0.4540473; -0.1945179; 121.6462290; -0.4634196; -0.0011017; 19.2902121; -1.8700474
52.4177709; -9.7374707; 0.9770692; 1.0923308; 0.8915894; -0.4528448; -0.2013928; 122.6515265; -0.4641416; -0.0009612; 19.2222340; -3.7758892
52.8730455; -8.8396279; 0.9615160; 1.1078840; 0.8921846; -0.4516709; -0.2059701; 123.6579449; -0.4653861; -0.0007873; 18.9035327; -6.0353408
53.3276684; -7.9401742; 0.9692290; 1.1001710; 0.8927635; -0.4505256; -0.2084104; 124.6655009; -0.4658618; -0.0005718; 18.6787119; -6.5740193
53.7816691; -7.0391180; 0.9764927; 1.0929073; 0.8933261; -0.4494090; -0.2090350; 125.6742094; -0.4662719; -0.0000560; 18.1751456; -6.7438271
54.2350773; -6.1364676; 0.9999869; 1.0977491; 0.8938726; -0.4483210; -0.2082504; 126.6840827; -0.4662567; 0.0000952; 17.9135366; -6.8679626
54.6879227; -5.2322313; 1.0006925; 1.0687075; 0.8944032; -0.4472615; -0.2062945; 127.6951313; -0.4662132; 0.0000293; 17.6431256; -6.8426416
55.1402348; -4.3264176; 1.0118853; 1.0575147; 0.8949180; -0.4462306; -0.2031324; 128.7073651; -0.4663426; -0.0002375; 17.0928148; -6.8240565
55.5920434; -3.4190347; 1.0208006; 1.0485994; 0.8954171; -0.4452282; -0.1985987; 129.7207946; -0.4665430; -0.0003353; 16.8110343; -6.8094840
56.0433781; -2.5100909; 1.0173975; 1.0520025; 0.8959007; -0.4442543; -0.1925776; 130.7354307; -0.4670885; -0.0004114; 16.2356212; -6.7682937
56.4942685; -1.5995947; 1.0154754; 1.0539246; 0.8963689; -0.4433089; -0.1850468; 131.7512837; -0.4673615; -0.0003686; 15.9411423; -6.7674671
56.9447443; -0.6875544; 1.0136086; 1.0557914; 0.8968219; -0.4423918; -0.1760974; 132.7683631; -0.4677347; -0.0001376; 15.3370804; -6.7087480
57.3948352; 0.2260217; 1.0152082; 1.0541918; 0.8972597; -0.4415031; -0.1659263; 133.7866761; -0.4677742; 0.0000244; 15.0277749; -6.7290882
57.8445707; 1.1411253; 1.0152861; 1.0541139; 0.8976825; -0.4406428; -0.1547962; 134.8062284; -0.4675173; 0.0003240; 14.3892070; -6.6519512
58.2939806; 2.0577480; 1.0225932; 1.0468068; 0.8980904; -0.4398108; -0.1429682; 135.8270244; -0.4672537; 0.0004290; 14.0618909; -6.6939569
58.7430944; 2.9758814; 1.0362566; 1.0331434; 0.8984838; -0.4390067; -0.1306219; 136.8490686; -0.4666514; 0.0003855; 13.3811829; -6.5979071
59.1919418; 3.8955172; 1.0658526; 1.0309998; 0.8988618; -0.4382321; -0.1177920; 137.8723670; -0.4664192; 0.0002756; 13.0314701; -6.6505233
59.6405526; 4.8166471; 1.0964596; 0.9729404; 0.8992277; -0.4374808; -0.1043547; 138.8969265; -0.4662903; 0.0000927; 12.6692032; -6.6114829
60.0889562; 5.7392628; 1.1042023; 0.9651977; 0.8995705; -0.4367755; -0.0901240; 139.9227585; -0.4662619; 0.0000800; 11.9196393; -6.5990804
60.5371824; 6.6633558; 1.1149632; 0.9544368; 0.8999315; -0.4360313; -0.0752628; 140.9498590; -0.4659528; 0.0008026; 11.5255939; -6.5774958
60.9852629; 7.5889145; 1.1258148; 0.9435852; 0.9001530; -0.4355738; -0.0611180; 141.9782376; -0.4625037; 0.0035390; 10.7011428; -6.5526825
61.4343727; 8.5140382; 1.1364131; 0.9346979; 0.8984619; -0.4390515; -0.0509120; 143.0068723; -0.4615610; -0.0008476; 10.2635729; -6.3219012
61.8887367; 9.4317878; 1.1421736; 0.9320148; 0.8933116; -0.4494378; -0.0462619; 144.0315107; -0.4695692; -0.0107227; 9.3852695; -5.5557833
62.3530825; 10.3343935; 1.1719125; 0.8974875; 0.8844285; -0.4666757; -0.0474875; 145.0474727; -0.4787553; -0.0155760; 8.9613268; -4.8254113
62.8321380; 11.2140854; 1.1258480; 0.9435520; 0.8711149; -0.4910793; -0.0550858; 146.0506266; -0.5094765; -0.0292533; 8.2293045; -3.4128166
63.3306308; 12.0630936; 1.0823362; 0.9870638; 0.8524297; -0.5228419; -0.0682630; 147.0375757; -0.5330124; -0.0382568; 7.9337020; -2.5313621
63.8532886; 12.8736483; 0.9738046; 1.0955954; 0.8268647; -0.5624010; -0.0852291; 148.0058842; -0.5627866; -0.0466611; 7.7071271; -2.2144898
64.4048395; 13.6380277; 0.8511123; 1.2182877; 0.7932858; -0.6088494; -0.1049443; 148.9542728; -0.6430926; -0.0679973; 7.3321468; -1.0432332
64.9900510; 14.3542202; 0.7267952; 1.3427006; 0.7548961; -0.6558444; -0.1232048; 149.8864145; -0.6918241; -0.0709656; 7.2318660; -0.3967234
65.6137672; 15.0312482; 0.7676352; 1.3073648; 0.7158874; -0.6982157; -0.1357193; 150.8146512; -0.7412399; -0.0697834; 7.1933641; -0.2854571
66.2808406; 15.6793937; 0.7776747; 1.2947636; 0.6782101; -0.7348681; -0.1388830; 151.7521439; -0.8408746; -0.0724518; 7.1389952; -0.2698894
66.9961240; 16.3089391; 0.8390451; 1.2021776; 0.6439319; -0.7650828; -0.1244366; 152.7113180; -0.8885491; -0.0636375; 7.1124832; 0.9778762
67.7644700; 16.9301664; 0.9509078; 1.0843796; 0.6146005; -0.7888385; -0.0922695; 153.7041329; -0.9582849; -0.0345896; 7.3267762; 1.2387661
68.5907312; 17.5533579; 1.0739570; 0.9468690; 0.5907572; -0.8068494; -0.0507531; 154.7420981; -0.9768041; -0.0184661; 7.4441843; -1.8162035
69.4797101; 18.1887877; 1.1378154; 0.9315846; 0.5738479; -0.8189619; -0.0152302; 155.8361272; -0.9814751; 0.0106585; 6.9725502; -4.5952274
70.4215701; 18.8443942; 1.2006727; 0.8498967; 0.5725325; -0.8198820; 0.0001033; 156.9838666; -0.9692939; 0.0239564; 6.4948670; -3.3200861
71.3715905; 19.5225493; 1.1820625; 0.8929375; 0.5927296; -0.8054015; -0.0107331; 158.1511306; -0.9087780; 0.0647208; 5.8039135; -1.9727877
72.2799657; 20.2248136; 1.1448580; 0.9301420; 0.6343397; -0.7730545; -0.0597646; 159.2987494; -0.7923491; 0.1011757; 5.3210508; -1.7509693
73.0968902; 20.9527478; 1.0815153; 0.9934847; 0.7007991; -0.7133587; -0.1434846; 160.3873697; -0.7151629; 0.1228693; 5.0854975; -1.8936662
73.7725583; 21.7079123; 0.9060033; 1.1432554; 0.7939740; -0.6079517; -0.2352539; 161.3784988; -0.5109115; 0.1681451; 4.5995890; -0.8596633
74.2571645; 22.4918679; 0.8443081; 1.2241599; 0.9072123; -0.4206730; -0.2885692; 162.2446808; -0.3871426; 0.2069847; 4.4668467; -0.3793331
74.5009275; 23.3061737; 0.7458822; 1.2601237; 0.9915170; -0.1299767; -0.2559452; 163.0142929; -0.2211263; 0.2531775; 4.4070020; -0.3665817
74.4780334; 24.1509447; 0.9469443; 1.1038691; 0.9864003; 0.1643607; -0.1206848; 163.8151288; -0.0484228; 0.2246611; 4.3483864; -0.3513333
74.2315797; 25.0221438; 1.0999105; 0.9052895; 0.9331993; 0.3593592; 0.0833609; 164.7388621; 0.0969215; 0.2036666; 4.2914578; -0.1997091
73.8169732; 25.9149922; 1.3527302; 0.6290832; 0.8826825; 0.4699698; 0.2767281; 165.7638151; 0.3574117; 0.1623157; 4.2573028; 0.4763150
73.2896205; 26.8247111; 1.6136034; 0.4557966; 0.8511019; 0.5250006; 0.3942034; 166.8435323; 0.4565988; 0.1236742; 4.3349108; 1.4622664
72.7049284; 27.7465217; 1.5930499; 0.4819501; 0.8413801; 0.5404438; 0.4239087; 167.9433095; 0.5838360; 0.0583051; 4.9057588; 5.0807641
72.1183037; 28.6756452; 1.4621268; 0.6128732; 0.8532059; 0.5215742; 0.3786208; 169.0343545; 0.6134883; 0.0260849; 5.5838485; 4.0118159
71.5851525; 29.6073029; 1.2411213; 0.8097238; 0.8858046; 0.4640585; 0.2775453; 170.0913688; 0.6014242; -0.0464053; 6.3608357; -2.5054169
71.1493166; 30.5377808; 1.0442231; 1.0485717; 0.9239524; 0.3825075; 0.1377512; 171.1099844; 0.5653259; -0.0561169; 6.0788760; -2.8131486
70.8128926; 31.4672088; 0.8667229; 1.2026771; 0.9548405; 0.2971189; -0.0251525; 172.1069753; 0.4602962; -0.1008626; 5.3821110; -2.1567881
70.5685611; 32.3965837; 0.6706687; 1.3525161; 0.9774754; 0.2110495; -0.1793313; 173.0897208; 0.3790945; -0.1314000; 5.0938875; -0.8424075
70.4090028; 33.3269023; 0.6206663; 1.4046490; 0.9918491; 0.1274181; -0.2894078; 174.0605195; 0.1774224; -0.1497536; 4.9289246; -0.2849600
70.3268983; 34.2591614; 0.6796497; 1.4797503; 0.9987975; 0.0490261; -0.3399753; 175.0232920; 0.0718543; -0.1521116; 4.8882884; 0.1977129
70.3149283; 35.1943578; 0.6918779; 1.3133221; 0.9997572; -0.0220350; -0.3257832; 175.9830710; -0.0296605; -0.1372226; 4.9165186; 0.7951293
70.3657733; 36.1334884; 0.7453555; 1.3168482; 0.9964260; -0.0844708; -0.2567353; 176.9448074; -0.1929790; -0.0934447; 5.2362217; 2.7184687
70.4721141; 37.0775500; 0.8129343; 1.2344843; 0.9904726; -0.1377097; -0.1518773; 177.9118188; -0.2498235; -0.0690698; 5.5878242; 4.4659391
70.6266312; 38.0275394; 0.8489285; 1.1732420; 0.9833502; -0.1817204; -0.0318127; 178.8860068; -0.3176112; -0.0290750; 6.7025361; 5.7524736
70.8220053; 38.9844534; 0.9845338; 1.0795873; 0.9762151; -0.2168043; 0.0859072; 179.8688807; -0.3316312; -0.0109629; 7.2785476; 1.2603832
71.0509171; 39.9492888; 1.0507980; 0.9650659; 0.9699146; -0.2434453; 0.1846032; 180.8617853; -0.3323936; 0.0086362; 7.3987666; -2.2510269
71.3060471; 40.9230425; 1.0976528; 0.9182687; 0.9650394; -0.2621048; 0.2476528; 181.8662835; -0.3032364; 0.0302446; 6.7608702; -3.9152314
71.5800760; 41.9067112; 1.1428749; 0.8727179; 0.9618872; -0.2734467; 0.2660189; 182.8846212; -0.2778616; 0.0421740; 6.3425686; -2.9131486
71.8656830; 42.9012914; 1.2480603; 0.8273840; 0.9608254; -0.2771543; 0.2299590; 183.9191535; -0.2089834; 0.0591439; 5.7291302; -1.9348647
72.1417748; 43.9040442; 1.2802039; 0.7959357; 0.9702229; -0.2422137; 0.1411167; 184.9694352; -0.1574542; 0.0888580; 5.4876396; -1.3259961
72.3398501; 44.8993726; 1.2605985; 0.8369513; 0.9908916; -0.1346619; 0.0281326; 185.9995752; 0.0017444; 0.1453365; 5.1965350; -0.3201452
72.3812145; 45.8689150; 1.0937122; 0.9114878; 0.9974451; 0.0714374; -0.0614878; 186.9707697; 0.1224819; 0.2038701; 5.1532304; -0.1963291
72.1880785; 46.7945196; 1.0640416; 0.9526278; 0.9416710; 0.3365348; -0.0943306; 187.8974106; 0.2773706; 0.2293849; 5.1264929; 1.3978849
71.7531002; 47.6743407; 1.1426214; 0.9267786; 0.8559214; 0.5171059; -0.0635134; 188.8638961; 0.4952031; 0.0661183; 5.6990250; 4.6353506
71.1886018; 48.5342314; 1.0953706; 0.9740656; 0.8254988; 0.5644039; 0.0069467; 189.8927608; 0.5244413; 0.0196152; 6.2424528; 5.1653930
70.6185241; 49.4027341; 1.0953788; 0.9580042; 0.8561317; 0.5167578; 0.0720193; 190.9308808; 0.4839625; -0.0677140; 7.2815327; 2.5591649
70.1395432; 50.3017643; 1.0791400; 0.9902600; 0.9055927; 0.4241484; 0.0982866; 191.9411224; 0.4428403; -0.0490202; 7.5235272; 0.5868518
69.7562349; 51.2308508; 1.0101800; 1.0467900; 0.9404985; 0.3397978; 0.0758303; 192.9385362; 0.3798924; -0.0463261; 7.5685739; -0.3689838
69.4537477; 52.1848005; 0.9669868; 1.1046434; 0.9637576; 0.2667795; 0.0148340; 193.9376973; 0.3456905; -0.0512374; 7.5343710; -0.2874771
69.2172298; 53.1584202; 0.7862401; 1.2212908; 0.9781835; 0.2077426; -0.0637599; 194.9442125; 0.3082378; -0.0559119; 7.5076153; -0.2593189
69.0318297; 54.1465167; 0.8286603; 1.2033699; 0.9865263; 0.1636025; -0.1380390; 195.9568578; 0.2274337; -0.0571791; 7.4660672; 0.7096485
68.8826956; 55.1438968; 0.7332779; 1.2719221; 0.9908826; 0.1347282; -0.1929303; 196.9716859; 0.1905137; -0.0483910; 7.5323066; 1.8310308
68.7549778; 56.1453681; 0.7968491; 1.2311225; 0.9926969; 0.1206355; -0.2239260; 197.9847270; 0.1367933; -0.0286286; 7.9583712; 4.4227085
68.6368114; 57.1468652; 0.8295530; 1.1813583; 0.9935075; 0.1137667; -0.2326758; 198.9948182; 0.1179969; -0.0250476; 8.3383038; 5.2381321
68.5254211; 58.1477550; 0.8612550; 1.1439450; 0.9941891; 0.1076477; -0.2238630; 200.0033503; 0.0889339; -0.0164425; 9.2070237; 5.6276931
68.4197557; 59.1480551; 0.9572734; 1.0527702; 0.9947216; 0.1026109; -0.2027702; 201.0105282; 0.0787508; -0.0126496; 9.6253759; 5.5854291
68.3187637; 60.1477835; 1.0159996; 1.0383804; 0.9951294; 0.0985771; -0.1739400; 202.0165282; 0.0654614; -0.0065817; 10.4089857; 5.6477802
68.2213938; 61.1469578; 1.0558882; 1.0375492; 0.9954222; 0.0955754; -0.1408807; 203.0214586; 0.0617772; -0.0039441; 10.7821000; 5.5691146
68.1265945; 62.1455960; 1.1061998; 1.0524748; 0.9956095; 0.0936043; -0.1064226; 204.0254257; 0.0598569; -0.0015502; 11.1377848; 5.6003098
68.0333144; 63.1437157; 1.1227406; 1.0366594; 0.9956970; 0.0926690; -0.0729540; 205.0285404; 0.0607671; 0.0027057; 11.8220540; 5.5622831
67.9405023; 64.1413347; 1.1319992; 1.0144509; 0.9956874; 0.0927715; -0.0424009; 206.0309305; 0.0632688; 0.0044426; 12.1469324; 5.5641139
67.8471066; 65.1384708; 1.1237483; 0.9727125; 0.9955804; 0.0939133; -0.0161816; 207.0327443; 0.0714985; 0.0071636; 12.7730984; 5.5570780
67.7520761; 66.1351418; 1.1404189; 0.9536717; 0.9953722; 0.0960949; 0.0048190; 208.0341476; 0.0769189; 0.0083236; 13.0740874; 5.0360247
67.6543593; 67.1313655; 1.1614688; 0.9323416; 0.9950560; 0.0993156; 0.0199315; 209.0353114; 0.0903249; 0.0108872; 13.5703489; 3.5129742
67.5529048; 68.1271596; 1.2127113; 0.9356887; 0.9946218; 0.1035734; 0.0283829; 210.0364056; 0.0984351; 0.0122847; 13.7503604; 1.3517066
67.4466613; 69.1225420; 1.1866164; 0.8516532; 0.9940565; 0.1088652; 0.0293243; 211.0376032; 0.1074208; 0.0133711; 13.8189998; 0.0794737
67.3345774; 70.1175304; 1.1364839; 0.8852757; 0.9933439; 0.1151861; 0.0223689; 212.0390809; 0.1270149; 0.0142989; 13.7666306; -2.2732560
67.2156017; 71.1121425; 1.0925904; 0.9126096; 0.9924649; 0.1225295; 0.0080528; 213.0410057; 0.1369570; 0.0141088; 13.6505545; -2.2959962
67.0886827; 72.1063963; 1.1430218; 0.9202823; 0.9913973; 0.1308868; -0.0124573; 214.0435251; 0.1564741; 0.0137368; 13.4101893; -2.5141907
66.9527692; 73.1003094; 1.1709080; 0.9268920; 0.9901166; 0.1402468; -0.0378637; 215.0467776; 0.1659500; 0.0133377; 13.2783055; -2.8570211
66.8068098; 74.0938996; 1.1234511; 0.9244185; 0.9885954; 0.1505957; -0.0665336; 216.0508990; 0.1835135; 0.0115652; 12.9571849; -3.5545677
66.6497530; 75.0871848; 1.0516292; 0.9609083; 0.9868044; 0.1619167; -0.0962376; 217.0560333; 0.1911846; 0.0103512; 12.7637129; -4.2402160
66.4805474; 76.0801826; 1.0835231; 0.9742769; 0.9847122; 0.1741891; -0.1242761; 218.0623636; 0.2037861; 0.0076509; 12.2664962; -5.0341028
66.2981418; 77.0729109; 1.0279936; 1.0188267; 0.9822858; 0.1873887; -0.1477329; 219.0701587; 0.2086754; 0.0063251; 11.9757822; -5.7376453
66.1014846; 78.0653875; 0.9896316; 1.0510058; 0.9794912; 0.2014868; -0.1637427; 220.0798201; 0.2127243; 0.0052470; 11.6355857; -6.0261968
65.8895246; 79.0576301; 0.9782731; 1.0795269; 0.9762935; 0.2164510; -0.1698109; 221.0919158; 0.2190030; 0.0039826; 10.8737809; -6.4987834
65.6612103; 80.0496565; 0.8905625; 1.1307020; 0.9726585; 0.2322403; -0.1641601; 222.1071878; 0.2218449; 0.0041374; 10.4470589; -6.4899599
65.4154904; 81.0414845; 0.9071759; 1.1432633; 0.9685490; 0.2488229; -0.1461505; 223.1265112; 0.2290366; 0.0067519; 9.5493950; -6.0962191
65.1513134; 82.0331320; 0.8472672; 1.1777489; 0.9639431; 0.2661083; -0.1168814; 224.1508143; 0.2347486; 0.0095560; 9.0915591; -5.6162077
64.8676280; 83.0246165; 0.8088592; 1.1966045; 0.9587649; 0.2842004; -0.0798378; 225.1809117; 0.2540397; 0.0182934; 8.2233531; -4.5076032
64.5633827; 84.0159560; 0.8212342; 1.1968731; 0.9531639; 0.3024544; -0.0408856; 226.2174838; 0.2683676; 0.0226055; 7.8302648; -3.7184234
64.2370563; 85.0063585; 0.8427076; 1.2021979; 0.9457497; 0.3248961; -0.0072926; 227.2603061; 0.3132229; 0.0427936; 7.1828449; -2.6820704
63.8820111; 85.9862196; 0.9067326; 1.1733883; 0.9334519; 0.3587027; 0.0142478; 228.3029899; 0.3473550; 0.0549257; 6.9165349; -2.2380790
63.4884679; 86.9405226; 0.9662014; 1.0915986; 0.9138612; 0.4060267; 0.0206030; 229.3363587; 0.4374936; 0.0729661; 6.4681620; -1.8935469
63.0466014; 87.8541721; 1.0225386; 1.0429075; 0.8841916; 0.4671243; 0.0145356; 230.3527001; 0.4912343; 0.0811420; 6.2598897; -1.8939001
62.5465866; 88.7120726; 1.1003808; 0.9690192; 0.8402160; 0.5422518; 0.0037465; 231.3468268; 0.6170705; 0.0997838; 5.8190059; -1.8270430
61.9785982; 89.4991287; 1.2183183; 0.8523723; 0.7768778; 0.6296514; -0.0023723; 232.3179056; 0.6908380; 0.1119666; 5.5949113; -1.0798285
61.3328112; 90.2002449; 1.1259867; 0.9490133; 0.6880603; 0.7256535; 0.0035607; 233.2717439; 0.7744344; 0.1264254; 5.4581416; -0.5040380
60.5994845; 90.8004099; 1.0717963; 0.9976037; 0.5741003; 0.8187850; 0.0266622; 234.2225300; 0.9631053; 0.1365614; 5.3541096; -0.2774965
59.7772850; 91.2930076; 1.0698088; 0.9995912; 0.4555781; 0.8901958; 0.0648441; 235.1886600; 1.0560813; 0.1282788; 5.3177067; -0.2834297
58.8803283; 91.6868479; 1.1031441; 0.9655307; 0.3507912; 0.9364537; 0.1032151; 236.1792097; 1.1446598; 0.1259452; 5.2802663; -0.1766542
57.9243878; 91.9923961; 1.0923797; 0.9434865; 0.2608731; 0.9653731; 0.1230263; 237.1942414; 1.3117653; 0.1095167; 5.2588336; 0.7400857
56.9252371; 92.2201176; 1.1807359; 0.8698856; 0.1860626; 0.9825379; 0.1151352; 238.2286493; 1.3823846; 0.0929130; 5.3564377; 1.7400826
55.8986496; 92.3804777; 1.2460898; 0.7949422; 0.1247453; 0.9921888; 0.0848677; 239.2746255; 1.4881946; 0.0581186; 5.8942723; 3.9991992
54.8603988; 92.4839419; 1.2007606; 0.8044394; 0.0754499; 0.9971496; 0.0455606; 240.3221429; 1.5237226; 0.0434979; 6.3514712; 4.7355106
53.8261983; 92.5409524; 1.1849169; 0.9032747; 0.0358598; 0.9993568; 0.0087231; 241.3597172; 1.5709561; 0.0266708; 7.3741751; 5.5331056
52.8059235; 92.5597247; 0.9702688; 1.0349312; 0.0011434; 0.9999993; -0.0200566; 242.3804053; 1.5888469; 0.0243629; 7.8819170; 5.5665397
51.7988020; 92.5444117; 0.9361829; 1.1241964; -0.0310759; 0.9995170; -0.0387818; 243.3868940; 1.6193650; 0.0194184; 8.8224026; 5.6788495
50.8029288; 92.4987343; 0.9482945; 1.2001055; -0.0600551; 0.9981951; -0.0469075; 244.3826208; 1.6323446; 0.0176593; 9.2620182; 5.6527716
49.8163991; 92.4264136; 0.8891289; 1.1510023; -0.0855910; 0.9963304; -0.0450170; 245.3706325; 1.6543885; 0.0138077; 10.0847013; 5.7646245
48.8373083; 92.3311707; 0.8176849; 1.1977434; -0.1074302; 0.9942126; -0.0339940; 246.3535435; 1.6633691; 0.0118631; 10.4771884; 5.7132360
47.8637514; 92.2167266; 0.8917544; 1.1986132; -0.1254182; 0.9921040; -0.0149077; 247.3335453; 1.6710378; 0.0100344; 10.8521800; 5.7370813
46.8938238; 92.0868022; 0.9613974; 1.1613498; -0.1394488; 0.9902293; 0.0109191; 248.3124427; 1.6826097; 0.0065826; 11.5703489; 5.7511045
45.9256205; 91.9451187; 0.8919089; 1.1146709; -0.1494653; 0.9887670; 0.0419089; 249.2917065; 1.6866899; 0.0050741; 11.9131995; 5.7068705
44.9572367; 91.7953970; 0.9850393; 1.0641744; -0.1554484; 0.9878440; 0.0761310; 250.2725395; 1.6921168; 0.0028346; 12.5667159; 5.7278728
43.9867678; 91.6413582; 1.0782230; 1.0008548; -0.1574092; 0.9875335; 0.1112076; 251.2559575; 1.6938024; 0.0019939; 12.8818156; 5.6539011
43.0123089; 91.4867233; 1.0454212; 0.9674081; -0.1553864; 0.9878538; 0.1443460; 252.2428934; 1.6949903; 0.0014030; 13.1854632; 5.6443589
42.0319551; 91.3352133; 1.1889595; 0.9594115; -0.1494349; 0.9887716; 0.1724389; 253.2343209; 1.6962137; 0.0002901; 13.7715877; 5.5946153
41.0438018; 91.1905492; 1.1091096; 0.9003764; -0.1396602; 0.9901995; 0.1923574; 254.2313984; 1.6961017; -0.0006062; 14.0530743; 5.5394173
40.0459440; 91.0564521; 1.2187462; 0.8974333; -0.1260926; 0.9920185; 0.2016482; 255.2355697; 1.6929202; -0.0030129; 14.5806948; 4.7325005
39.0370028; 90.9357271; 1.1392750; 0.8847402; -0.1120222; 0.9937057; 0.1991552; 256.2488706; 1.6913920; -0.0013603; 14.8061473; 2.2940395
38.0180607; 90.8268922; 1.0978483; 0.9175414; -0.1009126; 0.9948953; 0.1851453; 257.2715540; 1.6907096; 0.0000741; 14.9391342; -1.2952738
36.9909198; 90.7272114; 1.1363083; 0.9285497; -0.0927603; 0.9956885; 0.1612344; 258.3023734; 1.6908151; 0.0002263; 14.8783195; -4.4052972
35.9573824; 90.6339488; 1.0470132; 0.9612882; -0.0874562; 0.9961684; 0.1299624; 259.3397987; 1.6909769; 0.0002347; 14.6695988; -5.3988653
34.9192507; 90.5443685; 1.1044744; 0.9939822; -0.0849472; 0.9963855; 0.0943246; 260.3821069; 1.6909665; -0.0004050; 14.1012049; -6.4930575
33.8783269; 90.4557346; 1.0269987; 1.0480862; -0.0851944; 0.9963643; 0.0577395; 261.4274482; 1.6906646; -0.0004580; 13.7751197; -6.4795542
32.8364134; 90.3653110; 0.9307778; 1.0796319; -0.0881840; 0.9961042; 0.0231765; 262.4739625; 1.6904402; 0.0003579; 13.1015968; -6.5202670
31.7953124; 90.2703620; 0.8682103; 1.1369897; -0.0939240; 0.9955794; -0.0071666; 263.5198637; 1.6908905; 0.0009291; 12.7484780; -6.4886527
30.7568262; 90.1681514; 0.9611255; 1.1786925; -0.1024442; 0.9947388; -0.0311989; 264.5634746; 1.6927481; 0.0016072; 12.0176838; -6.5314547
29.7227569; 90.0559435; 0.8771768; 1.1817170; -0.1137940; 0.9935044; -0.0464273; 265.6032788; 1.6938660; 0.0015855; 11.6310323; -6.4520253
28.6949069; 89.9310022; 0.8273650; 1.1899101; -0.1280406; 0.9917689; -0.0503888; 266.6380068; 1.6974683; 0.0042288; 10.8345612; -6.0689035
27.6750784; 89.7905916; 0.8074520; 1.1977480; -0.1452655; 0.9893927; -0.0425480; 267.6666815; 1.7013932; 0.0069906; 10.4351071; -5.6739414
26.6650736; 89.6319758; 0.8577376; 1.1824855; -0.1655595; 0.9861998; -0.0241019; 268.6885575; 1.7160064; 0.0143547; 9.6733190; -4.5860060
25.6666949; 89.4524188; 0.8832997; 1.1568615; -0.1890164; 0.9819739; 0.0024018; 269.7030624; 1.7277202; 0.0191279; 9.3355691; -3.8793925
24.6817444; 89.2491847; 1.0103239; 1.0874761; -0.2157238; 0.9764544; 0.0332922; 270.7097581; 1.7621391; 0.0303578; 8.7784097; -2.6859876
23.7120245; 89.0195375; 1.0874648; 1.0103352; -0.2457508; 0.9693330; 0.0640862; 271.7083321; 1.7854968; 0.0364381; 8.5615528; -2.2053866
22.7593373; 88.7607413; 1.1694363; 0.8857220; -0.2791325; 0.9602526; 0.0906322; 272.6986513; 1.8427687; 0.0449578; 8.2094586; -1.8835639
21.8254852; 88.4700602; 1.2080285; 0.8518203; -0.3158502; 0.9488091; 0.1109380; 273.6808744; 1.8755488; 0.0488311; 8.0472533; -1.8873769
20.9122703; 88.1447582; 1.2751363; 0.8082591; -0.3558088; 0.9345588; 0.1239593; 274.6554750; 1.9112181; 0.0530071; 7.8813719; -1.6846771
20.0214950; 87.7820994; 1.2753236; 0.7614858; -0.3988105; 0.9170334; 0.1286982; 275.6232477; 1.9908349; 0.0600603; 7.6055424; -0.7609569
19.1549615; 87.3793479; 1.2917648; 0.7835827; -0.4445304; 0.8957638; 0.1250887; 276.5853441; 2.0332432; 0.0611262; 7.5351816; -0.3470248
18.3144720; 86.9337676; 1.3350184; 0.7343816; -0.4924952; 0.8703152; 0.1156184; 277.5433547; 2.1187842; 0.0616582; 7.4771175; -0.2670554
17.5018288; 86.4426227; 1.2099034; 0.8650966; -0.5420710; 0.8403327; 0.1037963; 278.4994521; 2.1624807; 0.0630903; 7.4520747; -0.2706164
16.7188342; 85.9031772; 1.0900244; 0.9849756; -0.5924736; 0.8055899; 0.0915617; 279.4564851; 2.2068180; 0.0635491; 7.4266119; -0.2709703
15.9672904; 85.3126952; 0.9754649; 1.0995351; -0.6427784; 0.7660522; 0.0808330; 280.4179741; 2.2962618; 0.0642539; 7.3754772; -0.2663201
15.2489997; 84.6684408; 0.9231387; 1.1518613; -0.6920304; 0.7218684; 0.0731387; 281.3881404; 2.3413539; 0.0642903; 7.3501582; -0.0829854
14.5657643; 83.9676779; 0.9356682; 1.1393318; -0.7391045; 0.6735907; 0.0697639; 282.3718345; 2.3856810; 0.0625771; 7.3422509; 0.2850992
13.9193864; 83.2076707; 0.9608260; 1.1141740; -0.7835335; 0.6213495; 0.0724404; 283.3745795; 2.4723532; 0.0607629; 7.4335935; 1.4188167
13.3115190; 82.3860099; 1.0583929; 1.0166071; -0.8224493; 0.5688384; 0.0819072; 284.4018789; 2.5128186; 0.0550797; 7.5660166; 2.0218316
12.7401627; 81.5082712; 1.1376556; 0.8747841; -0.8515503; 0.5242729; 0.0973502; 285.4541616; 2.5785138; 0.0387453; 7.9673107; 2.9442812
12.1995431; 80.5882852; 1.1628831; 0.9065169; -0.8713537; 0.4906553; 0.1159115; 286.5256010; 2.6038054; 0.0336748; 8.2219178; 3.2378175
11.6837111; 79.6402630; 1.1009029; 0.9684971; -0.8843291; 0.4668640; 0.1327637; 287.6084014; 2.6449747; 0.0254495; 8.7749209; 3.8145106
11.1867181; 78.6784160; 1.0851425; 0.9809850; -0.8915970; 0.4528298; 0.1423396; 288.6932968; 2.6615399; 0.0219166; 9.0741072; 3.7310747
10.7026152; 77.7169554; 1.0536913; 1.0435988; -0.8939993; 0.4480684; 0.1393035; 289.7705290; 2.6873927; 0.0148335; 9.6211241; 0.3324197
10.2254536; 76.7700926; 1.0032462; 1.0266028; -0.8909429; 0.4541153; 0.1203383; 290.8301437; 2.6946994; 0.0058848; 9.6452789; -1.6934186
9.7497985; 75.8512678; 0.9540163; 1.0774532; -0.8853728; 0.4648817; 0.0866202; 291.8640743; 2.6970244; 0.0009842; 9.2548307; -5.1372843
9.2795869; 74.9598642; 0.8973232; 1.1413653; -0.8851279; 0.4653479; 0.0433337; 292.8727192; 2.7002934; 0.0084430; 8.8577577; -5.4473499
8.8269386; 74.0829910; 0.8494941; 1.2072825; -0.8933351; 0.4493910; -0.0005059; 293.8608307; 2.7186506; 0.0169611; 7.9341176; -5.8060277
8.4042483; 73.2073450; 0.8426940; 1.2207015; -0.9088792; 0.4170594; -0.0333775; 294.8330714; 2.7330066; 0.0240759; 7.4041868; -5.4496777
8.0239109; 72.3196232; 0.8787317; 1.1906683; -0.9299735; 0.3676267; -0.0474829; 295.7967911; 2.7827153; 0.0506145; 6.3605208; -4.1036762
7.6983212; 71.4065222; 0.9608077; 1.1085923; -0.9535510; 0.3012317; -0.0424264; 296.7631741; 2.8250057; 0.0697496; 5.8916228; -3.0585706
7.4398740; 70.4547389; 1.0931345; 0.9758669; -0.9751759; 0.2214318; -0.0272053; 297.7469298; 2.8797879; 0.0864272; 5.5162782; -2.5122399
7.2630435; 69.4542940; 1.0890957; 0.8635211; -0.9925126; 0.1221419; -0.0135211; 298.7614198; 3.0243018; 0.1235449; 4.8887765; -1.9394666
7.2050101; 68.4315042; 1.1339670; 0.8712330; -0.9998414; -0.0178113; -0.0046351; 299.7855334; 3.1213157; 0.1552812; 4.6027111; -1.6953676
7.3169362; 67.4350359; 1.1862528; 0.8461784; -0.9761846; -0.2169414; 0.0038218; 300.7898724; -2.8871811; 0.2432306; 4.1182937; -0.7180903
7.6501890; 66.5138831; 1.1302435; 0.8823585; -0.8830717; -0.4692382; 0.0199009; 301.7756522; -2.6993005; 0.2909276; 3.9943762; -0.3977983
8.2356106; 65.7148742; 1.1133663; 0.9616337; -0.7219090; -0.6919880; 0.0485244; 302.7787225; -2.3368273; 0.2294456; 3.8592603; -0.3653386
9.0122071; 65.0751492; 1.1581214; 0.9182902; -0.5455571; -0.8380737; 0.0816762; 303.8025169; -2.1791178; 0.2238492; 3.7924173; -0.3563950
9.8933102; 64.6291393; 1.1134534; 0.8964811; -0.3486270; -0.9372615; 0.1040919; 304.8131526; -2.0184866; 0.2373326; 3.7260553; -0.3139314
10.7954048; 64.4089093; 1.1108853; 0.8943147; -0.1150266; -0.9933624; 0.1081285; 305.7699015; -1.6460398; 0.2905935; 3.6159924; -0.1874946
11.6731291; 64.4179026; 1.1203347; 0.8848653; 0.1367037; -0.9906120; 0.0990710; 306.6763920; -1.4431882; 0.2869020; 3.5795133; -0.1044901
12.5064585; 64.6405557; 1.1208590; 0.8865389; 0.3735786; -0.9275985; 0.0846602; 307.5639139; -1.2445924; 0.2808056; 3.5590213; -0.0298453
13.2758245; 65.0609634; 1.1771431; 0.9079174; 0.5751586; -0.8180419; 0.0634682; 308.4601042; -0.8683999; 0.2550566; 3.5635247; 0.1411126
13.9616585; 65.6632200; 1.1661371; 0.9088629; 0.7334499; -0.6797435; 0.0266516; 309.3851551; -0.6957140; 0.2364070; 3.5911365; 0.3300865
14.5443917; 66.4314201; 1.1883404; 0.8810596; 0.8496113; -0.5274093; -0.0310596; 310.3525641; -0.5414917; 0.2081446; 3.6549105; 0.5905918
15.0044557; 67.3496582; 1.0033065; 0.9758196; 0.9299483; -0.3676904; -0.1034755; 311.3716393; -0.2883827; 0.1495896; 3.9464120; 2.2112562
15.3250430; 68.4005511; 0.9246885; 1.0805115; 0.9745400; -0.2242136; -0.1701965; 312.4529666; -0.2005292; 0.1040628; 4.3208622; 3.7513667
15.5260607; 69.5470648; 0.9011286; 1.1493569; 0.9913436; -0.1312932; -0.2135401; 313.6001192; -0.1078248; 0.0321570; 5.5771703; 3.0595242
15.6534963; 70.7382066; 0.8457029; 1.1930104; 0.9960826; -0.0884278; -0.2237784; 314.7887166; -0.1003957; -0.0179047; 6.1134996; -2.8148577
15.7538935; 71.9226864; 0.8306343; 1.2251033; 0.9961756; -0.0873740; -0.1928780; 315.9775704; -0.1187325; -0.0348130; 5.7822292; -2.9299332
15.8737957; 73.0492137; 0.7749812; 1.2578425; 0.9910666; -0.1333679; -0.1277331; 317.1197236; -0.2045382; -0.0967476; 5.0255433; -2.2369292
16.0597466; 74.0664982; 0.8184020; 1.2169040; 0.9710685; -0.2388012; -0.0372909; 318.1667654; -0.3985085; -0.1900020; 4.3651252; -2.0124505
16.3582897; 74.9232498; 0.8940684; 1.1950175; 0.8963403; -0.4433667; 0.0440684; 319.0770107; -0.5599231; -0.2834386; 4.0295107; -1.1251714
16.8142769; 75.5698694; 0.9724746; 1.1025254; 0.7018689; -0.7123061; 0.0638229; 319.8520659; -0.7668845; -0.2943883; 3.8290671; -0.5056543
17.4350731; 75.9942412; 0.9330199; 1.1363801; 0.4210507; -0.9070371; -0.0163287; 320.6010509; -0.9680112; -0.2543560; 3.7354861; -0.3469253
18.1913285; 76.2209592; 0.8928406; 1.1210658; 0.1657636; -0.9861655; -0.1831277; 321.4340010; -1.1499344; -0.2705834; 3.6699010; -0.1548149
19.0521566; 76.2761546; 0.7920552; 1.2131448; -0.0242861; -0.9997050; -0.3631446; 322.3670948; -1.5110081; -0.2368773; 3.6455257; 0.1943736
19.9866706; 76.1859582; 0.6348737; 1.3988474; -0.1584630; -0.9873649; -0.4783729; 323.3709780; -1.6677448; -0.2099596; 3.6826586; 0.5414901
20.9639840; 75.9765012; 0.5435223; 1.4388018; -0.2548186; -0.9669889; -0.4974323; 324.4202426; -1.7999111; -0.1717780; 3.7841831; 0.8901984
21.9532100; 75.6739146; 0.4826910; 1.5544143; -0.3265696; -0.9451732; -0.4319834; 325.4925137; -1.9927824; -0.1028878; 4.1593564; 2.9425934
22.9240131; 75.3039689; 0.5309482; 1.5598548; -0.3841510; -0.9232703; -0.3190518; 326.5609494; -2.1020026; -0.0578183; 5.1817642; 5.0964818
23.8613277; 74.8824488; 0.7442638; 1.3307362; -0.4354837; -0.9001966; -0.1949815; 327.6106643; -2.1375956; -0.0439171; 5.8297152; 5.4351600
24.7669551; 74.4141082; 0.9542592; 1.1207408; -0.4822972; -0.8760077; -0.0804144; 328.6439543; -2.1891701; -0.0307216; 7.0318430; 5.6718595
25.6435680; 73.9031310; 1.1094470; 0.9655530; -0.5239681; -0.8517379; 0.0166511; 329.6648542; -2.2089687; -0.0259244; 7.5754356; 5.5205979
26.4938393; 73.3537013; 1.2701767; 0.8048233; -0.5605701; -0.8281070; 0.0936851; 330.6777783; -2.2258788; -0.0223139; 8.0694406; 5.5854766
27.3204418; 72.7700032; 1.3317178; 0.7432822; -0.5921898; -0.8057985; 0.1502710; 331.6866004; -2.2523700; -0.0157521; 8.9901926; 5.5609213
28.1260484; 72.1562205; 1.4118364; 0.6631636; -0.6190417; -0.7853581; 0.1868364; 332.6943834; -2.2623933; -0.0128786; 9.4132174; 5.5524954
28.9133319; 71.5165373; 1.4064059; 0.6685941; -0.6413815; -0.7672221; 0.2042537; 333.7033200; -2.2767982; -0.0078935; 10.2079431; 5.5556867
29.6849651; 70.8551377; 1.4288493; 0.6461507; -0.6594792; -0.7517228; 0.2038497; 334.7147607; -2.2815891; -0.0057971; 10.5820542; 5.5081472
30.4436208; 70.1762055; 1.3768099; 0.6981901; -0.6735888; -0.7391063; 0.1874370; 335.7292745; -2.2872583; -0.0024886; 11.2890568; 5.5390230
31.1919719; 69.4839249; 1.3610043; 0.7139957; -0.6839290; -0.7295486; 0.1573657; 336.7467312; -2.2885464; -0.0011934; 11.6274350; 5.4770478
31.9326912; 68.7824798; 1.2794239; 0.7955761; -0.6906669; -0.7231730; 0.1165492; 337.7664040; -2.2888637; 0.0006279; 12.2708672; 5.5301458
32.6684516; 68.0760542; 1.2456093; 0.8293907; -0.6939207; -0.7200514; 0.0684196; 338.7870937; -2.2881740; 0.0013448; 12.5823764; 5.4695074
33.4019258; 67.3688322; 1.1551775; 0.9198225; -0.6937098; -0.7202546; 0.0166970; 339.8072926; -2.2868891; 0.0023273; 12.8830632; 5.5001688
34.1357864; 66.6649972; 1.0993752; 0.9590456; -0.6901194; -0.7236956; -0.0351601; 340.8253753; -2.2820018; 0.0045170; 13.4688801; 5.4970982
34.8721275; 65.9677527; 1.0404036; 1.0345964; -0.6850673; -0.7284798; -0.0844857; 341.8402361; -2.2793595; 0.0030264; 13.7515992; 5.5109247
35.6112523; 65.2772673; 1.0202632; 1.0547368; -0.6802602; -0.7329707; -0.1296133; 342.8520118; -2.2764021; 0.0014998; 14.3028326; 5.5224759
36.3531180; 64.5931236; 0.9500373; 1.1214872; -0.6756295; -0.7372413; -0.1697892; 343.8610367; -2.2754796; 0.0011351; 14.5705970; 5.5174215
37.0976822; 63.9149045; 0.9443017; 1.1306983; -0.6712057; -0.7412711; -0.2047670; 344.8676776; -2.2743462; 0.0004970; 15.0923612; 5.5404072
37.8449021; 63.2421929; 0.8653585; 1.1645179; -0.6669919; -0.7450650; -0.2344254; 345.8722957; -2.2741057; 0.0001899; 15.3471739; 5.5172462
38.5947351; 62.5745714; 0.8916062; 1.1833938; -0.6629978; -0.7486213; -0.2586756; 346.8752472; -2.2742191; -0.0003291; 15.8432137; 5.5486380
39.3471388; 61.9116228; 0.8997884; 1.1752116; -0.6592308; -0.7519406; -0.2774823; 347.8768803; -2.2745249; -0.0005433; 16.0864950; 5.5135125
40.1020703; 61.2529301; 0.8504666; 1.2074333; -0.6556981; -0.7550232; -0.2908871; 348.8775352; -2.2749584; -0.0006952; 16.3246455; 5.5249948
40.8594873; 60.5980759; 0.8770448; 1.1979552; -0.6524061; -0.7578696; -0.2990229; 349.8775414; -2.2760783; -0.0008746; 16.7922657; 5.5175412
41.6193469; 59.9466431; 0.8794104; 1.1810557; -0.6493606; -0.7604806; -0.3021169; 350.8772158; -2.2767035; -0.0009116; 17.0207096; 4.8259687
42.3816067; 59.2982145; 0.8702147; 1.2047853; -0.6465669; -0.7628573; -0.3004634; 351.8768617; -2.2779760; -0.0008746; 17.3756846; 2.3220844
43.1462240; 58.6523728; 0.8997120; 1.1752880; -0.6440296; -0.7650006; -0.2944310; 352.8767669; -2.2785564; -0.0007835; 17.4689797; -0.2277983
43.9131563; 58.0087008; 0.8469697; 1.1660494; -0.6417524; -0.7669119; -0.2844793; 353.8772042; -2.2795039; -0.0005978; 17.3837908; -3.5253099
44.6823608; 57.3667814; 0.9132908; 1.1617092; -0.6397388; -0.7685924; -0.2710868; 354.8784311; -2.2799130; -0.0005689; 17.2412549; -5.7687445
45.4537951; 56.7261974; 0.9515216; 1.1234784; -0.6379913; -0.7700436; -0.2546818; 355.8806934; -2.2802615; -0.0004271; 17.0054352; -6.3294922
46.2274164; 56.0865315; 0.9354687; 1.1367314; -0.6365120; -0.7712668; -0.2358278; 356.8842231; -2.2804983; 0.0001093; 16.4596057; -6.8400409
47.0031822; 55.4473666; 0.9794221; 1.0955779; -0.6353021; -0.7722637; -0.2152286; 357.8892390; -2.2804076; 0.0001498; 16.1661003; -6.8380710
47.7810499; 54.8082853; 0.9485206; 1.0866968; -0.6343625; -0.7730357; -0.1933076; 358.8959575; -2.2803494; -0.0001047; 15.5642275; -6.7890272
48.5609769; 54.1688706; 1.0134595; 1.0615405; -0.6336932; -0.7735845; -0.1702330; 359.9045957; -2.2804634; -0.0002208; 15.2558439; -6.7966094
49.3429206; 53.5287053; 1.0618020; 1.0131980; -0.6332936; -0.7739116; -0.1461806; 360.9153675; -2.2808640; -0.0003151; 14.6209210; -6.7146273
50.1268383; 52.8873720; 1.0487404; 1.0214796; -0.6331628; -0.7740186; -0.1214130; 361.9284822; -2.2810748; -0.0002871; 14.2958415; -6.7430557
50.9126875; 52.2444537; 1.0977735; 0.9772265; -0.6332990; -0.7739072; -0.0963135; 362.9441447; -2.2813245; -0.0000496; 13.6219720; -6.6400353
51.7004255; 51.5995331; 1.0639611; 0.9597679; -0.6337001; -0.7735788; -0.0713807; 363.9625565; -2.2813058; 0.0001020; 13.2763813; -6.6779895
52.4900097; 50.9521930; 1.1358972; 0.9391028; -0.6343625; -0.7730357; -0.0471735; 364.9839187; -2.2811889; 0.0002320; 12.9194948; -6.6341723
53.2813976; 50.3020162; 1.1819229; 0.8930771; -0.6352858; -0.7722772; -0.0242142; 366.0084371; -2.2807779; 0.0003083; 12.1830098; -6.5976600
54.0745465; 49.6485854; 1.1693376; 0.9019594; -0.6364552; -0.7713136; -0.0028847; 367.0363247; -2.2805896; 0.0002302; 11.7978485; -6.5691724
54.8694138; 48.9914836; 1.2141224; 0.8608776; -0.6379067; -0.7701137; 0.0165610; 368.0678027; -2.2803523; 0.0003440; 10.9953688; -6.5133525
55.6659569; 48.3302935; 1.1926498; 0.8645068; -0.6394853; -0.7688033; 0.0335056; 369.1030972; -2.2796309; 0.0017137; 10.5725903; -6.5018471
56.4641166; 47.6645942; 1.2403262; 0.8346738; -0.6417753; -0.7668927; 0.0458078; 370.1423838; -2.2754597; 0.0036787; 9.6795591; -6.4405316
57.2601270; 46.9931444; 1.2737540; 0.8012460; -0.6492152; -0.7606048; 0.0487541; 371.1833073; -2.2734291; 0.0021277; 9.2020292; -6.4949297
58.0418683; 46.3128540; 1.2358426; 0.8391574; -0.6650294; -0.7468172; 0.0347463; 372.2188378; -2.2760291; -0.0071998; 8.1672451; -6.1824350
58.7960774; 45.6203796; 1.2249367; 0.8500633; -0.6889825; -0.7247780; -0.0000633; 373.2427978; -2.2836875; -0.0147688; 7.6189695; -5.6726676
59.5094908; 44.9123781; 1.1169003; 0.9532728; -0.7211873; -0.6927402; -0.0560036; 374.2508156; -2.3187879; -0.0382406; 6.5657058; -4.2040901
60.1688454; 44.1855060; 1.0168734; 1.0581266; -0.7613906; -0.6482934; -0.1296419; 375.2406776; -2.3521259; -0.0574460; 6.1010582; -3.1074432
60.7608779; 43.4364201; 0.8486559; 1.2263441; -0.8085707; -0.5883990; -0.2103888; 376.2121502; -2.4015024; -0.0840683; 5.7334630; -2.5969855
61.2723249; 42.6617772; 0.6527519; 1.4222481; -0.8606746; -0.5091554; -0.2818481; 377.1670479; -2.5603940; -0.1436089; 5.1092856; -2.1162086
61.6921455; 41.8582720; 0.5243680; 1.5543208; -0.9098487; -0.4149403; -0.3256320; 378.1077773; -2.6698345; -0.1692976; 4.8106320; -0.6779162
62.0203182; 41.0227887; 0.5798775; 1.3192555; -0.9489157; -0.3155297; -0.3221244; 379.0410267; -2.9125870; -0.1701342; 4.6590609; -0.1543306
62.2602306; 40.1522699; 0.7341678; 1.2747209; -0.9763349; -0.2162643; -0.2663329; 379.9769580; -3.0281162; -0.1569308; 4.6358161; 0.5623258
62.4152711; 39.2436582; 0.9348383; 1.1533658; -0.9925827; -0.1215716; -0.1643371; 380.9256750; -3.1269471; -0.1257684; 4.7199605; 1.7587409
62.4888286; 38.2938963; 1.0449105; 0.9602895; -0.9993890; -0.0349506; -0.0383109; 381.8957921; 3.0245864; -0.0655643; 5.3559040; 4.0211956
62.4842914; 37.2999269; 1.1174915; 0.8877085; -0.9991282; 0.0417476; 0.0855277; 382.8959359; 2.9864325; -0.0433071; 5.8579214; 5.3165465
62.4050484; 36.2586925; 1.1939217; 0.8112783; -0.9942047; 0.1075037; 0.1873764; 383.9363494; 2.9615770; -0.0285405; 6.4620604; 5.3348994
62.2542312; 35.1699340; 1.2044038; 0.8123191; -0.9861445; 0.1658885; 0.2533694; 385.0245603; 2.9363261; -0.0100591; 7.5207233; 0.9086430
62.0329076; 34.0558818; 1.2315282; 0.8133726; -0.9745728; 0.2240713; 0.2692259; 386.1449956; 2.9259025; -0.0067988; 7.5040168; -4.2077992
61.7411511; 32.9496017; 1.2235802; 0.7637568; -0.9579379; 0.2869757; 0.2246024; 387.2739512; 2.9200260; -0.0100271; 7.1006686; -5.2857480
61.3790288; 31.8842286; 1.2173327; 0.8625397; -0.9334670; 0.3586633; 0.1187619; 388.3913596; 2.8929830; -0.0311485; 5.9556583; -5.4432137
60.9466076; 30.8928975; 1.1207719; 0.9175989; -0.8959872; 0.4440799; -0.0396757; 389.4811967; 2.8659632; -0.0462006; 5.2772676; -4.1895930
60.4439546; 30.0087435; 0.9693992; 1.1184498; -0.8361405; 0.5485153; -0.2325374; 390.5335028; 2.7407436; -0.1529383; 4.1674613; -2.7082047
59.8711370; 29.2649016; 0.8039175; 1.2499650; -0.7367216; 0.6761961; -0.3999650; 391.5403733; 2.5969259; -0.2609953; 3.6846086; -2.0362781
59.2330262; 28.6961840; 0.7065719; 1.3684281; -0.5773428; 0.8165019; -0.4647697; 392.4941273; 2.0956130; -0.4298166; 2.9894841; -0.3027321
58.5637632; 28.3476198; 0.5155328; 1.5108807; -0.3143397; 0.9493106; -0.4153902; 393.3843009; 1.8080479; -0.4036538; 2.9177390; -0.4645691
57.9085100; 28.2680850; 0.4858773; 1.4541280; 0.1213074; 0.9926150; -0.3641227; 394.2206586; 1.4929370; -0.4895042; 2.8040720; -0.5309055
57.3124476; 28.5064605; 0.6430920; 1.4472017; 0.5867808; 0.8097458; -0.3714653; 395.0543894; 1.1174785; -0.5955733; 2.6682523; -1.7484591
56.8060654; 29.0833470; 0.8001057; 1.2692943; 0.8432520; 0.5375184; -0.3781110; 395.9679073; 0.4884046; -0.2858376; 1.6578936; -0.0475125
56.3685918; 29.9206718; 0.8865973; 1.1666537; 0.9143859; 0.4048438; -0.3166537; 396.9697867; 0.3289809; -0.1720119; 1.6377104; 1.2239977
55.9680819; 30.9188542; 0.9429874; 1.1046730; 0.9361031; 0.3517258; -0.1767432; 398.0697577; 0.2108396; -0.0178697; 2.6324625; 2.3747364
55.5746585; 31.9833756; 0.9667010; 1.0657637; 0.9383821; 0.3455996; -0.0142209; 399.2171987; 0.2136972; 0.0255573; 3.2022505; 3.2781469
55.1721587; 33.0532872; 1.0761664; 1.0203073; 0.9321328; 0.3621167; 0.1203531; 400.3694777; 0.2642763; 0.0354137; 4.5352236; 3.1308106
54.7500020; 34.0813054; 1.0832635; 0.9480738; 0.9155980; 0.4020950; 0.2332635; 401.4945653; 0.3442950; 0.0818114; 5.0614142; -3.2560315
54.2976239; 35.0201864; 1.2748711; 0.8110781; 0.8813693; 0.4724280; 0.3212904; 402.5628377; 0.4124379; 0.1162080; 4.5890720; -2.6653533
53.8044603; 35.8226864; 1.3823078; 0.6061471; 0.8120476; 0.5835912; 0.3774251; 403.5535649; 0.6715751; 0.2852778; 3.6918324; -2.2673917
53.2599469; 36.4415617; 1.5963296; 0.4629183; 0.6646563; 0.7471493; 0.3870817; 404.4652541; 0.9236883; 0.4255759; 3.2334743; -0.6874667
52.6535194; 36.8295684; 1.3968287; 0.5443150; 0.3682410; 0.9297304; 0.3402423; 405.3177766; 1.2491855; 0.5225059; 3.0810593; -0.3860756
51.9778690; 36.9513012; 1.2446723; 0.6439375; -0.0055318; 0.9999847; 0.2817269; 406.1298720; 1.5863493; 0.4195129; 2.9920618; -0.2174658
51.2414481; 36.8286680; 1.2710001; 0.7849813; -0.2914724; 0.9565792; 0.2362839; 406.9557480; 1.8394462; 0.3107947; 2.9407464; -0.1065967
50.4574720; 36.5008973; 1.0959019; 0.9790981; -0.4609724; 0.8874145; 0.1844104; 407.8474364; 2.1623411; 0.1619831; 2.9852074; 1.0197388
49.6391573; 36.0072214; 0.9717680; 1.1032320; -0.5613677; 0.8275665; 0.1045622; 408.8243908; 2.2492894; 0.0892048; 3.2154412; 4.9047844
48.7997203; 35.3868727; 0.8717633; 1.2032367; -0.6214060; 0.7834888; 0.0217633; 409.8765371; 2.3161991; 0.0223041; 4.9926215; 5.2729623
47.9523777; 34.6790834; 0.8827335; 1.1922665; -0.6572674; 0.7536574; -0.0381796; 410.9819881; 2.3297765; 0.0165739; 5.6840334; 4.9532227
47.1103457; 33.9230859; 0.8765118; 1.1984882; -0.6763678; 0.7365641; -0.0777385; 412.1128764; 2.3408340; 0.0004061; 6.8109307; 5.0053734
46.2853845; 33.1553078; 0.9452752; 1.1297248; -0.6852415; 0.7283159; -0.1005179; 413.2390039; 2.3402439; -0.0021104; 7.3072654; 5.0527895
45.4783717; 32.3912218; 0.9693777; 1.1056223; -0.6891216; 0.7246457; -0.1100224; 414.3498372; 2.3345330; -0.0058891; 8.2283074; 5.0967420
44.6852607; 31.6368189; 1.0511893; 1.0238107; -0.6884835; 0.7252520; -0.1095605; 415.4445371; 2.3217973; -0.0128505; 8.9717976; 2.8018829
43.9019810; 30.8980430; 1.0742307; 1.0007693; -0.6829387; 0.7304757; -0.1008635; 416.5220948; 2.3111934; -0.0175737; 9.1878012; -1.3233701
43.1244619; 30.1808384; 1.1407039; 0.9342961; -0.6721441; 0.7404203; -0.0842961; 417.5813831; 2.2811713; -0.0257722; 8.9047921; -3.3089981
42.3486326; 29.4911493; 1.1345129; 0.9404871; -0.6555530; 0.7551491; -0.0611855; 418.6213396; 2.2613041; -0.0312119; 8.6407661; -2.7742886
41.5704225; 28.8349197; 1.1575855; 0.9174145; -0.6324746; 0.7745811; -0.0320813; 419.6411595; 2.2092301; -0.0428378; 8.2029880; -2.2300545
40.7857609; 28.2180940; 1.1487508; 0.9262492; -0.6020745; 0.7984399; 0.0024356; 420.6404633; 2.1774858; -0.0479838; 8.0104315; -1.9777821
39.9905771; 27.6466161; 1.1033754; 0.9798342; -0.5634328; 0.8261619; 0.0397203; 421.6194722; 2.1428991; -0.0506799; 7.8356994; -1.8359864
39.1808005; 27.1264304; 1.0576790; 1.0170345; -0.5156438; 0.8568030; 0.0748081; 422.5794062; 2.0654071; -0.0599725; 7.5288644; -1.0018467
38.3523603; 26.6634809; 1.0230133; 1.0664557; -0.4580180; 0.8889429; 0.1038777; 423.5230807; 2.0228236; -0.0618060; 7.4351361; -0.4214542
37.5011859; 26.2637118; 0.9705390; 1.0988610; -0.3902363; 0.9207148; 0.1205390; 424.4553231; 1.9796351; -0.0612383; 7.3953518; -0.3185970
36.6232066; 25.9330673; 0.9957217; 1.0756226; -0.3130091; 0.9497501; 0.1170735; 425.3838348; 1.8920910; -0.0665929; 7.3391478; -0.2710928
35.7143516; 25.6774915; 1.0068040; 1.0338561; -0.2268311; 0.9739341; 0.0901173; 426.3192354; 1.8425718; -0.0742572; 7.3132462; -0.2697982
34.7708611; 25.5023347; 0.9561748; 1.0590924; -0.1397066; 0.9901929; 0.0420248; 427.2743568; 1.7904805; -0.0746574; 7.2873769; -0.2658718
33.7940355; 25.4032732; 0.9740566; 1.0687232; -0.0653294; 0.9978638; -0.0190058; 428.2573150; 1.6916485; -0.0650857; 7.2429538; 0.0962387
32.7892931; 25.3681116; 0.9903376; 1.1690624; -0.0072612; 0.9999736; -0.0818969; 429.2676454; 1.6477996; -0.0604376; 7.2522486; 0.7656299
31.7621717; 25.3844258; 0.9672300; 1.0379700; 0.0365641; 0.9993313; -0.1367441; 430.3012130; 1.5713954; -0.0479867; 7.4512320; 2.2344306
30.7182093; 25.4397918; 1.0135978; 1.0272017; 0.0671962; 0.9977398; -0.1772016; 431.3522871; 1.5405436; -0.0402905; 7.6582624; 3.2006656
29.6629436; 25.5217854; 1.0625853; 1.0858147; 0.0857685; 0.9963151; -0.2009285; 432.4145508; 1.4944197; -0.0256668; 8.2789457; 4.8423330
28.6019126; 25.6179827; 1.0005720; 1.0620380; 0.0929624; 0.9956696; -0.2073332; 433.4814456; 1.4790208; -0.0183710; 8.6787119; 2.3881654
27.5406542; 25.7159597; 0.9898546; 1.1320848; 0.0890522; 0.9960270; -0.1968226; 434.5464915; 1.4632759; -0.0042198; 8.8986801; -3.6294981
26.4847061; 25.8032922; 0.8632857; 1.1419143; 0.0738605; 0.9972686; -0.1698855; 435.6036196; 1.4626412; 0.0024498; 8.6084456; -5.4283996
25.4396063; 25.8675562; 0.7990199; 1.2061801; 0.0467692; 0.9989057; -0.1256813; 436.6476685; 1.4738549; 0.0142612; 7.6399628; -5.0232139
24.4108926; 25.8963276; 0.9249489; 1.2344511; 0.0067611; 0.9999771; -0.0621379; 437.6750865; 1.4877761; 0.0256420; 7.1649637; -4.0981476
23.4041029; 25.8771825; 0.8669737; 1.1382263; -0.0474835; 0.9988720; 0.0169735; 438.6841157; 1.5455998; 0.0585579; 6.3862501; -2.7670782
22.4247751; 25.7976967; 0.9714336; 1.0596378; -0.1172523; 0.9931022; 0.1032542; 439.6749392; 1.5928428; 0.0767554; 6.0753910; -2.2955705
21.4784470; 25.6454462; 1.1018336; 0.9060221; -0.2034765; 0.9790798; 0.1892114; 440.6504677; 1.7264677; 0.1162311; 5.5429808; -1.9796463
20.5706562; 25.4080079; 1.1904090; 0.8184622; -0.3050104; 0.9523490; 0.2682011; 441.6167104; 1.8162741; 0.1391778; 5.2870785; -1.7096192
19.7052577; 25.0770235; 1.3020381; 0.6926144; -0.4072124; 0.9133335; 0.3271371; 442.5783502; 1.9171252; 0.1491191; 5.0556692; -0.7138229
18.8805595; 24.6575380; 1.4706994; 0.5484262; -0.4969063; 0.8678042; 0.3488951; 443.5386850; 2.1297063; 0.1503140; 4.9084011; -0.2860600
18.0937277; 24.1573548; 1.5698867; 0.5271194; -0.5732706; 0.8193661; 0.3228806; 444.5026068; 2.2328101; 0.1441937; 4.8674354; 0.6086853
17.3419286; 23.5842774; 1.3179275; 0.7570725; -0.6366032; 0.7711915; 0.2495942; 445.4741030; 2.3227920; 0.1129671; 4.9541968; 1.9142919
16.6223284; 22.9461094; 1.1024174; 0.9871915; -0.6881458; 0.7255724; 0.1519503; 446.4549501; 2.4398396; 0.0568012; 5.6437765; 5.1621718
15.9320932; 22.2506543; 0.9350804; 1.1399196; -0.7294896; 0.6839919; 0.0553203; 447.4457627; 2.4731679; 0.0385593; 6.2513259; 5.5229556
15.2683892; 21.5057155; 0.8352659; 1.2536122; -0.7622507; 0.6472819; -0.0249364; 448.4475426; 2.5116704; 0.0192753; 7.4032026; 5.6388443
14.6283827; 20.7190966; 0.7667215; 1.3082785; -0.7878791; 0.6158300; -0.0832785; 449.4611725; 2.5232283; 0.0137614; 7.9184340; 5.4642801
14.0092399; 19.8986011; 0.7557906; 1.3412228; -0.8075828; 0.5897542; -0.1190075; 450.4864045; 2.5369853; 0.0063970; 8.8345909; 5.4918949
13.4081269; 19.0520324; 0.7616049; 1.3317133; -0.8223132; 0.5690351; -0.1334373; 451.5215815; 2.5404671; 0.0035597; 9.2595065; 5.3545552
12.8222099; 18.1871942; 0.7860012; 1.2889988; -0.8327788; 0.5536060; -0.1289292; 452.5637694; 2.5424520; -0.0004962; 10.0398602; 5.4275816
12.2486552; 17.3118898; 0.8401089; 1.2406360; -0.8394652; 0.5434134; -0.1087330; 453.6089865; 2.5415386; -0.0021151; 10.4113986; 5.3528271
11.6846289; 16.4339229; 0.8978364; 1.1813370; -0.8426570; 0.5384508; -0.0768108; 454.6524399; 2.5363464; -0.0054609; 10.9488198; 8.0385671
