 alpha_m, ax_racetraj_mps2, kappa_racetraj_radpm, psi_racetraj_rad, s_racetraj_m, vx_racetraj_mps, width_left_m, width_right_m, x_normvec_m, y_normvec_m, y_ref_m,delta_s,x_bound_l,x_bound_r,x_raceline,x_ref_m,y_bound_l,y_bound_r,y_raceline
-0.0372978,5.45136,-0.0075372,2.53181,0,11.4512,1.1213,0.960441,-0.842431,0.538803,15.5611,1.02472,12.0719,10.3182,11.1587,11.1273,14.9569,16.0786,15.541
0.0061066,5.51691,-0.0061711,2.527,1.02472,11.7797,1.0683,1.01925,-0.840288,0.542141,14.6997,1.01337,11.4717,9.71759,10.5689,10.574,14.1206,15.2523,14.703
0.0504711,5.57021,-0.0041642,2.51991,2.0381,12.4213,1.01362,1.06129,-0.837732,0.546081,13.8502,1.00366,10.8723,9.13409,9.98089,10.0232,13.2966,14.4297,13.8777
0.0936875,5.6046,-0.0035634,2.5172,3.04176,12.7313,0.971826,1.10317,-0.834764,0.550607,13.0113,0.995636,10.2844,8.55227,9.39496,9.47316,12.4762,13.6187,13.0628
0.134158,5.653,-0.0023547,2.51306,4.0374,13.3355,0.94761,1.1474,-0.831379,0.555706,12.1819,0.98934,9.71036,7.96861,8.811,8.92254,11.6553,12.8195,12.2564
0.170431,5.64841,-0.0017519,2.51163,5.02673,13.629,0.915439,1.17246,-0.827576,0.561354,11.3609,0.984827,9.12739,7.3995,8.22875,8.3698,10.847,12.0191,11.4566
0.201122,5.68668,-0.0007205,2.50993,6.01156,14.1986,0.891658,1.18413,-0.823359,0.567521,10.5472,0.982165,8.54761,6.83848,7.64786,7.81345,10.0411,11.2192,10.6613
0.224974,4.93803,-0.0002872,2.50957,6.99373,14.4762,0.825288,1.24468,-0.818738,0.574168,9.73955,0.981423,7.9277,6.23294,7.06781,7.25201,9.2657,10.4542,9.86873
0.240873,3.33262,6.19e-05,2.50949,7.97515,14.7131,0.814357,1.23837,-0.813724,0.581252,8.93691,0.982672,7.34663,5.67628,6.48796,6.68397,8.46356,9.65671,9.07691
0.247852,-1.29898,0.000365,2.50987,8.95782,14.9432,0.833814,1.24483,-0.808335,0.588723,8.13809,0.985976,6.78184,5.1016,5.90749,6.10784,7.64721,8.87095,8.28401
0.245209,-3.97915,0.0002625,2.51009,9.9438,14.8823,0.846084,1.22813,-0.802592,0.596529,7.34198,0.991387,6.20119,4.53644,5.32533,5.52213,6.83726,8.07459,7.48825
0.232503,-6.70257,-0.0001515,2.51026,10.9352,14.4319,0.872192,1.20281,-0.796524,0.604607,6.54742,0.998937,5.62007,3.96728,4.74015,4.92535,6.02008,7.27464,6.68799
0.209469,-6.77019,-0.0006692,2.50997,11.9341,14.1031,0.914314,1.18034,-0.790149,0.612915,5.75327,1.00866,5.03844,3.38335,4.15048,4.316,5.19288,6.47672,5.88166
0.176187,-6.69678,-0.0010583,2.50936,12.9428,13.763,0.955511,1.13515,-0.783548,0.621331,4.95841,1.02049,4.44127,2.80314,3.55453,3.69258,4.36472,5.66371,5.06788
0.133018,-6.58951,-0.0034296,2.50644,13.9633,13.0686,1.00441,1.07993,-0.776577,0.630022,4.16168,1.03448,3.83362,2.21497,2.95032,3.05362,3.52888,4.84206,4.24549
0.0812233,-6.51429,-0.0035446,2.50401,14.9978,12.7108,1.06668,1.01742,-0.770124,0.637894,3.36197,1.04757,3.2192,1.61418,2.33517,2.39772,2.68154,4.01097,3.41378
0.0236812,-6.44297,-0.0003727,2.50084,16.0453,11.9773,1.13157,0.943431,-0.766873,0.641799,2.55831,1.05527,2.59553,1.00426,1.7096,1.72776,1.83207,3.16381,2.57351
-0.0350241,-6.40261,0.0001912,2.50078,17.1006,11.5946,1.20192,0.873077,-0.768034,0.640409,1.75002,1.05705,1.97493,0.38126,1.07871,1.05181,0.980297,2.30914,1.72759
-0.0889476,-6.42604,0.0009406,2.50162,18.1576,10.7988,1.27147,0.813648,-0.773306,0.634032,0.936387,1.05319,1.36156,-0.250882,0.447101,0.378318,0.130233,1.45227,0.879992
-0.131494,-6.40745,0.001234,2.50238,19.2108,10.3739,1.31958,0.755423,-0.782693,0.622407,0.116729,1.0444,0.748517,-0.875572,-0.181388,-0.284307,-0.704585,0.58691,0.0348866
-0.155924,-6.51661,0.001358,2.50425,20.2552,9.47446,1.35956,0.724366,-0.796115,0.605145,-0.709648,1.03188,0.154728,-1.50432,-0.803503,-0.927637,-1.53238,-0.271302,-0.804005
-0.155346,-6.4424,0.0020298,2.50544,21.2871,8.98011,1.37478,0.716236,-0.81347,0.581606,-1.54344,1.01732,-0.424903,-2.12589,-1.41688,-1.54325,-2.34302,-1.12687,-1.63379
-0.124651,-5.96374,0.0115117,2.51356,22.3044,7.92847,1.34521,0.729791,-0.834556,0.550924,-2.38533,1.00246,-1.00007,-2.73177,-2.01869,-2.12272,-3.12644,-1.98327,-2.454
-0.0638502,-5.27498,0.0192968,2.52432,23.3069,7.3832,1.28885,0.78615,-0.858984,0.512003,-3.23602,0.988843,-1.55053,-3.33292,-2.60278,-2.65763,-3.89591,-2.83351,-3.26871
0.0235137,-3.6405,0.0478385,2.56879,24.2957,6.38547,1.19075,0.900874,-0.886067,0.463558,-4.0962,0.977369,-2.08447,-3.93779,-3.16039,-3.13955,-4.64817,-3.67859,-4.0853
0.127541,-2.72915,0.0702358,2.61004,25.2731,5.97308,1.01914,1.0528,-0.914661,0.404223,-4.96655,0.968189,-2.62789,-4.52301,-3.67672,-3.56006,-5.37851,-4.54099,-4.915
0.231113,-2.34845,0.0940271,2.6675,26.2413,5.64419,0.731468,1.31248,-0.943021,0.332732,-5.84778,0.961858,-3.22095,-5.14843,-4.12868,-3.91074,-6.09116,-5.41108,-5.77088
0.315581,-1.21549,0.139857,2.83201,27.2031,5.07991,0.534419,1.4952,-0.96865,0.248428,-6.74057,0.959757,-3.66549,-5.63148,-4.48884,-4.18315,-6.87334,-6.36913,-6.66218
0.364486,-0.541994,0.155988,2.93555,28.1629,4.90956,0.485514,1.52084,-0.988503,0.151201,-7.64562,0.962781,-3.88896,-5.87224,-4.72919,-4.36889,-7.71904,-7.41567,-7.59051
0.368132,-0.256214,0.161979,-3.11976,29.1257,4.78644,0.617682,1.45824,-0.999017,0.0443262,-8.56361,0.969395,-3.8425,-5.91638,-4.82734,-4.45957,-8.59099,-8.49897,-8.54729
0.324286,0.492101,0.149733,-3.01063,30.0951,4.74882,0.816393,1.21241,-0.998028,-0.0627691,-9.49392,0.979028,-3.63563,-5.66043,-4.77406,-4.45041,-9.44267,-9.57002,-9.51427
0.241783,1.24371,0.127103,-2.91394,31.0741,4.82081,0.95472,1.10308,-0.986522,-0.163626,-10.4338,0.992389,-3.40075,-5.43081,-4.58112,-4.3426,-10.2776,-10.6143,-10.4734
0.141078,3.05439,0.0807857,-2.7689,32.0665,5.27118,1.06115,0.999609,-0.966352,-0.257223,-11.3804,1.00965,-3.11244,-5.10386,-4.27422,-4.13789,-11.1075,-11.6375,-11.4167
0.0457919,3.6029,0.0637383,-2.71839,33.0761,5.66228,1.08334,0.943842,-0.939498,-0.342554,-12.3307,1.03274,-2.82022,-4.72476,-3.88104,-3.83802,-11.9596,-12.654,-12.3464
-0.0271202,2.4446,0.0450733,-2.64409,34.1089,6.48361,1.17488,0.894517,-0.907685,-0.419652,-13.2818,1.06295,-2.37834,-4.2567,-3.42015,-3.44477,-12.7888,-13.6572,-13.2705
-0.0694085,-1.72249,0.0395061,-2.61448,35.1718,6.74237,1.22254,0.846861,-0.87273,-0.488204,-14.2308,1.09931,-1.89292,-3.69895,-2.89929,-2.95987,-13.634,-14.6443,-14.1969
-0.0790974,-3.4283,0.0465644,-2.5567,36.2711,6.22238,1.26917,0.80095,-0.834272,-0.551353,-15.1742,1.11723,-1.32635,-3.0534,-2.3192,-2.38519,-14.4745,-15.6158,-15.1306
-0.0592645,-3.27597,0.0611202,-2.51921,37.3884,5.82396,1.28233,0.790736,-0.782857,-0.622202,-16.0845,1.08976,-0.723777,-2.34669,-1.68126,-1.72766,-15.2866,-16.5765,-16.0476
-0.0111403,-2.67946,0.101314,-2.40811,38.4781,5.00186,1.23614,0.83886,-0.703558,-0.710638,-16.9003,1.03019,-0.131555,-1.59144,-0.993414,-1.00125,-16.0219,-17.4964,-16.8924
0.0673529,-2.45389,0.151591,-2.31968,39.5083,4.61166,1.1049,0.989352,-0.568307,-0.822816,-17.558,0.967009,0.407443,-0.782734,-0.258755,-0.220478,-16.6488,-18.372,-17.6134
0.168851,-1.69937,0.304948,-2.00403,40.4753,3.84648,0.870114,1.22033,-0.353688,-0.935364,-17.9959,0.936357,0.908074,0.16871,0.540605,0.600326,-17.182,-19.1373,-18.1538
0.256062,-0.603762,0.35641,-1.77225,41.4117,3.52369,0.647571,1.31271,-0.095481,-0.995431,-18.1934,0.940865,1.51181,1.32465,1.42554,1.44998,-17.5488,-19.5001,-18.4483
0.27339,-0.223916,0.330915,-1.25853,42.3526,3.27893,0.576609,1.42107,0.151418,-0.98847,-18.1663,0.967184,2.23284,2.53532,2.36154,2.32015,-17.5964,-19.571,-18.4366
0.183547,4.43821,0.229598,-1.05991,43.3197,3.23077,0.668551,1.38074,0.345674,-0.938355,-17.9322,0.99364,2.97146,3.67985,3.26601,3.20256,-17.3048,-19.2278,-18.1044
0.0245507,1.25452,0.0631779,-0.958836,44.3134,4.08059,0.838183,1.23682,0.438876,-0.898548,-17.5418,0.993361,3.72032,4.63098,4.09895,4.08818,-16.7887,-18.6532,-17.5639
-0.139023,-3.76614,-0.0839548,-0.968978,45.3067,4.04104,1.11591,0.959094,0.425961,-0.904741,-17.1121,0.97728,4.49103,5.3749,4.90715,4.96637,-16.1025,-17.9799,-16.9863
-0.306943,-1.12294,-0.289597,-1.09842,46.284,3.32529,1.46297,0.620524,0.288749,-0.957405,-16.7674,0.95535,5.40391,6.00551,5.73771,5.82634,-15.3667,-17.3615,-16.4735
-0.412696,-0.108106,-0.414056,-1.34632,47.2394,3.07985,1.42728,0.437304,0.0129746,-0.999916,-16.6293,0.932756,6.63901,6.66321,6.65218,6.65753,-15.2022,-17.0666,-16.2167
-0.418011,-0.205397,-0.348885,-1.93303,48.1721,3.1474,1.54127,0.445804,-0.273426,-0.961893,-16.7415,0.921315,7.87805,7.33474,7.57092,7.45663,-15.2589,-17.1703,-16.3394
-0.343116,-0.0698816,-0.282507,-2.1549,49.0934,3.10138,1.32327,0.75173,-0.468343,-0.883547,-17.0588,0.93688,8.84821,7.8764,8.38916,8.22847,-15.8896,-17.723,-16.7556
-0.202212,2.68113,-0.170027,-2.31423,50.0303,3.08557,1.06126,1.01374,-0.585789,-0.810464,-17.5316,0.962515,9.6,8.38449,9.09678,8.97833,-16.6715,-18.3532,-17.3677
-0.0529449,5.71642,-0.012188,-2.42527,50.9928,4.67079,0.902945,1.17206,-0.659096,-0.752059,-18.1182,0.99264,10.3059,8.93827,9.74566,9.71077,-17.4391,-18.9996,-18.0784
0.0486513,5.55388,-0.0094486,-2.43282,51.9855,5.46068,0.818604,1.25398,-0.709288,-0.704919,-18.7956,1.02629,11.0093,9.53929,10.3942,10.4287,-18.2185,-19.6795,-18.8299
0.102038,5.33082,0.0045805,-2.43601,53.0118,6.73361,0.784064,1.27131,-0.741962,-0.670442,-19.5432,1.05595,11.7166,10.1916,11.0592,11.1349,-19.0175,-20.3955,-19.6116
0.113457,5.23007,0.0068931,-2.43199,54.0677,7.26667,0.809201,1.26329,-0.761862,-0.64774,-20.3406,1.07587,12.4484,10.8694,11.7455,11.8319,-19.8165,-21.1589,-20.4141
0.0927115,5.21541,0.0096665,-2.42016,55.1436,8.21817,0.852297,1.2227,-0.771473,-0.636262,-21.1674,1.08231,13.18,11.5792,12.451,12.5225,-20.6251,-21.9453,-21.2263
0.0523955,5.24438,0.010371,-2.41316,56.2259,8.65099,0.955625,1.11512,-0.772111,-0.635488,-22.0029,1.0734,13.9472,12.3484,13.1689,13.2094,-21.3957,-22.7116,-22.0362
0.00598,5.34127,0.0149427,-2.39513,57.2993,9.46833,1.0011,1.0739,-0.763333,-0.646005,-22.8269,1.05112,14.6594,13.0754,13.8906,13.8952,-22.1802,-23.5207,-22.8308
-0.0349122,5.4114,0.0082508,-2.38696,58.3504,9.8553,1.07761,0.99739,-0.750115,-0.661308,-23.6219,1.02846,15.3904,13.8339,14.6083,14.5821,-22.9092,-24.2814,-23.5988
-0.0624903,5.51364,-0.0035641,-2.38405,59.3789,10.6017,1.13364,0.941361,-0.739332,-0.673341,-24.3878,1.00992,16.1072,14.5731,15.3152,15.269,-23.6245,-25.0217,-24.3457
-0.0735573,4.62026,-0.0077803,-2.38801,60.3888,10.9597,1.1749,0.9001,-0.732047,-0.681254,-25.131,0.995203,16.8139,15.2949,16.0077,15.9538,-24.3306,-25.7442,-25.0809
-0.0675466,1.77129,-0.0163536,-2.40499,61.384,11.4686,1.15323,0.921769,-0.728481,-0.685066,-25.8577,0.983916,17.4744,15.9628,16.6835,16.6343,-25.0677,-26.4892,-25.8114
-0.0447196,-0.271363,-0.0200614,-2.41773,62.3679,11.5762,1.18293,0.89207,-0.728934,-0.684584,-26.5741,0.975653,18.1705,16.658,17.3409,17.3083,-25.7643,-27.1848,-26.5435
-0.0066199,-0.891666,-0.0218892,-2.43249,63.3436,11.5598,1.16169,0.913312,-0.73351,-0.679679,-27.2865,0.970018,18.8256,17.3036,17.9784,17.9735,-26.497,-27.9073,-27.282
0.0428934,-1.1181,-0.0231436,-2.46435,64.3136,11.4292,1.14739,0.922639,-0.74217,-0.670212,-28.0012,0.966801,19.4795,17.9432,18.5961,18.6279,-27.2322,-28.6195,-28.0299
0.0984928,-1.59703,-0.0231985,-2.48058,65.2804,11.3606,1.09857,0.976433,-0.754703,-0.656067,-28.7243,0.966171,20.0984,18.5324,19.195,19.2693,-28.0035,-29.3649,-28.7889
0.154741,-2.04526,-0.023454,-2.51365,66.2466,11.1452,1.0671,1.00474,-0.770725,-0.637168,-29.4621,0.96866,20.7178,19.121,19.7761,19.8954,-28.7822,-30.1023,-29.5607
0.206478,-2.74687,-0.0214966,-2.5294,67.2152,11.016,1.02061,1.07377,-0.789686,-0.613512,-30.2209,0.975065,21.3101,19.6562,20.341,20.5041,-29.5947,-30.8796,-30.3476
0.246592,-3.26218,-0.018521,-2.5434,68.1903,10.84,0.993968,1.09659,-0.810864,-0.585235,-31.0069,0.986646,21.8992,20.204,20.8932,21.0932,-30.4251,-31.6486,-31.1512
0.267045,-4.50095,-0.0147251,-2.56621,69.1769,10.3769,0.945149,1.12906,-0.833504,-0.552514,-31.8263,1.00518,22.4483,20.7194,21.4379,21.6605,-31.3041,-32.4501,-31.9738
0.261198,-5.13937,-0.0145639,-2.57646,70.1821,10.0687,0.946267,1.12313,-0.856515,-0.516121,-32.6854,1.03161,23.0144,21.2419,21.9802,22.2039,-32.197,-33.2651,-32.8202
0.225888,-5.98778,-0.0215598,-2.60263,71.2137,9.3005,0.94299,1.11915,-0.879795,-0.475353,-33.5904,1.06793,23.5507,21.7365,22.5224,22.7211,-33.1422,-34.1224,-33.6978
0.162888,-5.73135,-0.0173065,-2.6162,72.2816,8.83836,1.00676,1.06264,-0.89883,-0.438297,-34.5467,1.10026,24.1154,22.2554,23.0641,23.2105,-34.1054,-35.0124,-34.6181
0.0794427,-4.77427,0.0113671,-2.62152,73.3819,7.91001,1.05211,1.01729,-0.906336,-0.422557,-35.5403,1.1089,24.6347,22.7591,23.6091,23.6811,-35.0957,-35.9702,-35.5739
-0.0172852,-4.1999,0.022971,-2.60954,74.4908,7.47559,1.04369,1.02571,-0.901089,-0.433635,-36.5396,1.09041,25.0921,23.2274,24.1673,24.1517,-36.087,-36.9843,-36.5321
-0.117149,-2.96511,0.0490699,-2.55997,75.5812,6.6905,1.05352,1.01588,-0.882355,-0.470584,-37.512,1.04638,25.571,23.7451,24.7448,24.6415,-37.0162,-37.99,-37.4569
-0.206528,-2.59522,0.063508,-2.52052,76.6276,6.37273,1.0587,1.01443,-0.844287,-0.535891,-38.4252,0.983393,26.0635,24.3132,25.344,25.1697,-37.8578,-38.9688,-38.3145
-0.267524,-2.06268,0.0970849,-2.40979,77.611,5.81424,1.11752,0.957476,-0.776537,-0.630072,-39.2466,0.916637,26.6233,25.012,25.9633,25.7555,-38.5425,-39.8499,-39.0781
-0.278902,-2.05893,0.126878,-2.33127,78.5276,5.56037,1.1694,0.85231,-0.660303,-0.750999,-39.944,0.882598,27.1904,25.8555,26.6024,26.4182,-39.0658,-40.5841,-39.7346
-0.225514,-1.95159,0.151199,-2.23337,79.4102,5.29483,1.15948,0.921519,-0.49463,-0.869103,-40.4859,0.904958,27.7496,26.7202,27.2876,27.176,-39.4782,-41.2868,-40.2899
-0.109825,-0.839959,0.154341,-2.01807,80.3152,4.80446,1.01577,1.02014,-0.317355,-0.948307,-40.8627,0.953698,28.3484,27.7023,28.0609,28.0261,-39.8994,-41.8301,-40.7585
0.0453828,-0.36675,0.160057,-1.90777,81.2689,4.68048,0.949555,1.09194,-0.15632,-0.987707,-41.0853,0.999909,29.0938,28.7747,28.9383,28.9454,-40.1474,-42.1638,-41.1301
0.206293,-0.301613,0.16521,-1.67992,82.2688,4.57839,0.892643,1.11256,-0.0136803,-0.999906,-41.1658,1.03133,29.9224,29.895,29.9074,29.9102,-40.2733,-42.2783,-41.3721
0.338029,-0.306114,0.169473,-1.56278,83.3001,4.53204,0.840741,1.31648,0.111319,-0.993785,-41.1161,1.04525,30.8031,31.0433,30.9343,30.8967,-40.2806,-42.4244,-41.452
0.413414,-0.258132,0.169733,-1.44454,84.3454,4.48451,0.752901,1.26341,0.222942,-0.974832,-40.9481,1.04314,31.7133,32.1628,31.9733,31.8812,-40.2142,-42.1797,-41.3511
0.417156,0.111159,0.173678,-1.20439,85.3885,4.41121,0.674192,1.36999,0.326275,-0.945275,-40.6738,1.02565,32.6198,33.2868,32.9759,32.8398,-40.0365,-41.9688,-41.0681
0.348807,0.463122,0.166383,-1.08518,86.4142,4.42881,0.647031,1.42237,0.424569,-0.905396,-40.305,1.00198,33.4746,34.3532,33.8974,33.7494,-39.7191,-41.5928,-40.6208
0.224941,2.0154,0.124868,-0.875642,87.4161,4.63998,0.650776,1.38536,0.515185,-0.857079,-39.8511,0.982568,34.2644,35.3134,34.7156,34.5997,-39.2933,-41.0385,-40.0439
0.0770734,3.33968,0.0927921,-0.799216,88.3987,4.93467,0.808528,1.26647,0.594692,-0.803954,-39.3192,0.968371,34.9138,36.1478,35.4404,35.3946,-38.6692,-40.3374,-39.3812
-0.0609154,5.47635,0.0449976,-0.706495,89.3671,5.93634,0.910915,1.16408,0.662303,-0.749236,-38.7162,0.962194,35.5351,36.9094,36.0981,36.1384,-38.0338,-39.5884,-38.6706
-0.167446,5.70546,0.0325342,-0.679318,90.3293,6.55033,1.09975,0.983555,0.718221,-0.695815,-38.049,0.965518,36.0457,37.542,36.7153,36.8356,-37.2838,-38.7334,-37.9325
-0.23593,5.75694,0.0272397,-0.658523,91.2948,7.13402,1.26463,0.809261,0.763486,-0.645825,-37.3245,0.976556,36.5249,38.1083,37.3103,37.4904,-36.5078,-37.8472,-37.1722
-0.268427,5.60672,0.0212182,-0.625335,92.2713,8.18514,1.35951,0.709892,0.79949,-0.60068,-36.5496,0.99208,37.0204,38.6749,37.8927,38.1073,-35.733,-36.976,-36.3883
-0.270001,5.52735,0.0198648,-0.610963,93.2634,8.65134,1.41975,0.634465,0.827689,-0.561187,-35.7311,1.009,37.5156,39.2159,38.4673,38.6908,-34.9344,-36.0872,-35.5796
-0.246815,5.47925,0.0174838,-0.584846,94.2724,9.50432,1.40127,0.644262,0.849416,-0.527724,-34.876,1.02483,38.0548,39.7923,39.0354,39.2451,-34.1365,-35.216,-34.7458
-0.205175,5.3791,0.0163142,-0.573014,95.2973,9.89964,1.37296,0.657318,0.865793,-0.500402,-33.9912,1.03781,38.5859,40.3437,39.597,39.7746,-33.3042,-34.3201,-33.8885
-0.151178,5.38514,0.0139267,-0.551848,96.3351,10.6348,1.31338,0.698822,0.877713,-0.479186,-33.0835,1.04673,39.1311,40.8972,40.1512,40.2839,-32.4542,-33.4184,-33.0111
-0.0907014,5.3165,0.0127483,-0.542514,97.3818,10.9835,1.21308,0.86027,0.885826,-0.464018,-32.1599,1.05085,39.7026,41.5392,40.6968,40.7771,-31.597,-32.5591,-32.1178
-0.0293892,5.36113,0.0098965,-0.526413,98.4326,11.6437,1.11755,0.899441,0.890616,-0.454756,-31.2272,1.04988,40.2636,42.0599,41.2327,41.2589,-30.719,-31.6363,-31.2139
0.0276574,5.33702,0.0075346,-0.520316,99.4825,11.9617,1.03517,1.03423,0.892192,-0.451657,-30.2924,1.04397,40.8099,42.6562,41.7581,41.7334,-29.8249,-30.7596,-30.3049
0.0764813,5.41369,0.0065685,-0.511028,100.526,12.5735,0.983124,1.09024,0.891276,-0.453462,-29.3623,1.03598,41.3289,43.1768,42.2733,42.2051,-28.9165,-29.8566,-29.3969
0.114678,5.39948,0.0079068,-0.505967,101.562,12.8714,0.91761,1.15179,0.889767,-0.456414,-28.4401,1.02875,41.8599,43.7012,42.7784,42.6763,-28.0213,-28.9658,-28.4924
0.141445,5.47611,0.007707,-0.494902,102.591,13.448,0.872053,1.1633,0.888523,-0.458832,-27.5254,1.02232,42.3723,44.1808,43.2728,43.1471,-27.1253,-28.0591,-27.5903
0.157204,5.45411,0.0074001,-0.489618,103.614,13.7301,0.847211,1.22219,0.887394,-0.461012,-26.6174,1.0167,42.8656,44.702,43.757,43.6175,-26.2268,-27.1809,-26.6899
0.162937,5.4899,0.0069801,-0.48458,104.63,14.0054,0.816008,1.25339,0.88643,-0.462863,-25.7154,1.01184,43.3639,45.1983,44.2317,44.0873,-25.3377,-26.2956,-25.7908
0.159762,5.50551,0.0060433,-0.47545,105.642,14.5453,0.839933,1.21952,0.885625,-0.464401,-24.8187,1.00771,43.8127,45.6366,44.698,44.5566,-24.4286,-25.385,-24.8929
0.148855,5.52441,0.0055076,-0.471405,106.65,14.8079,0.866652,1.20275,0.884989,-0.465613,-23.9264,1.00426,44.2583,46.0897,45.157,45.0252,-23.5229,-24.4864,-23.9957
0.13144,5.54518,0.0043509,-0.464493,107.654,15.3225,0.876092,1.19331,0.884524,-0.466495,-23.0379,1.00145,44.7184,46.5488,45.6096,45.4933,-22.6292,-23.5946,-23.0992
0.108774,5.54221,0.0037388,-0.461661,108.656,15.5737,0.935376,1.13402,0.884235,-0.467042,-22.1524,0.999258,45.1336,46.9634,46.0569,45.9607,-21.7156,-22.6821,-22.2032
0.0821338,5.56765,0.0025039,-0.457292,109.655,16.065,0.969168,1.10023,0.884124,-0.467251,-21.2692,0.997664,45.5705,47.4001,46.5,46.4274,-20.8164,-21.7833,-21.3076
0.0527848,5.54169,0.0018955,-0.455753,110.652,16.3058,0.974862,1.09454,0.884194,-0.467121,-20.3875,0.996652,46.0313,47.8611,46.94,46.8933,-19.9322,-20.8988,-20.4122
0.0219595,5.56396,0.0007935,-0.453891,111.649,16.7754,0.981772,1.08763,0.884443,-0.466647,-19.5066,0.99622,46.4901,48.3203,47.3778,47.3584,-19.0485,-20.0142,-19.5169
-0.0091772,5.53206,0.00031,-0.453509,112.645,17.006,1.01629,1.0531,0.884871,-0.465836,-18.6258,0.99637,46.9234,48.7545,47.8146,47.8227,-18.1523,-19.1163,-18.6215
-0.0395822,5.53043,-1.55e-05,-0.453406,113.642,17.2322,1.04883,1.02057,0.885484,-0.464671,-17.7442,0.997089,47.3574,49.1898,48.251,48.2861,-17.2568,-18.2184,-17.7258
-0.068395,5.51807,-0.0007627,-0.453945,114.639,17.676,1.06816,1.00124,0.886215,-0.463274,-16.8612,0.998047,47.8019,49.6359,48.6879,48.7486,-16.3664,-17.3251,-16.8295
-0.0949718,5.4989,-0.0010968,-0.454596,115.637,17.8931,1.06771,1.00169,0.886951,-0.461863,-15.9766,0.999021,48.2631,50.0986,49.1259,49.2101,-15.4834,-16.4392,-15.9327
-0.118888,5.50177,-0.0014382,-0.456411,116.636,18.3185,1.11018,1.01811,0.887665,-0.46049,-15.0902,1.00001,48.6853,50.5745,49.5652,49.6708,-14.579,-15.5591,-15.0355
-0.139911,5.46872,-0.0015152,-0.457445,117.636,18.5275,1.06048,1.00892,0.888362,-0.459144,-14.2022,1.00102,49.1885,51.0269,50.0063,50.1306,-13.7153,-14.6655,-14.138
-0.157948,5.21125,-0.0015337,-0.458513,118.637,18.733,1.07275,0.996646,0.889041,-0.457827,-13.3126,1.00206,49.6358,51.4756,50.4491,50.5896,-12.8214,-13.7689,-13.2403
-0.172999,3.22741,-0.0014976,-0.460649,119.639,19.1042,1.09499,0.974413,0.889704,-0.456538,-12.4213,1.00311,50.0735,51.9147,50.8938,51.0477,-11.9213,-12.8661,-12.3423
-0.185133,1.65221,-0.001396,-0.461662,120.642,19.2221,1.11415,0.955252,0.890349,-0.455278,-11.5283,1.0042,50.5132,52.3557,51.3403,51.5051,-11.021,-11.9632,-11.444
-0.194518,-1.87005,-0.0011017,-0.46342,121.646,19.2902,1.12577,0.943635,0.890978,-0.454047,-10.6337,1.0053,50.9588,52.8026,51.7885,51.9618,-10.1225,-11.0621,-10.5454
-0.201393,-3.77589,-0.0009612,-0.464142,122.652,19.2222,1.09233,0.977069,0.891589,-0.452845,-9.73747,1.00642,51.4439,53.2889,52.2382,52.4178,-9.24281,-10.1799,-9.64627
-0.20597,-6.03534,-0.0007873,-0.465386,123.658,18.9035,1.10788,0.961516,0.892185,-0.451671,-8.83963,1.00756,51.8846,53.7309,52.6893,52.873,-8.33923,-9.27392,-8.7466
-0.20841,-6.57402,-0.0005718,-0.465862,124.666,18.6787,1.10017,0.969229,0.892764,-0.450526,-7.94017,1.00871,52.3455,54.193,53.1416,53.3277,-7.44452,-8.37684,-7.84628
-0.209035,-6.74383,-5.6e-05,-0.466272,125.674,18.1751,1.09291,0.976493,0.893326,-0.449409,-7.03912,1.00987,52.8053,54.654,53.5949,53.7817,-6.54796,-7.47796,-6.94518
-0.20825,-6.86796,9.52e-05,-0.466257,126.684,17.9135,1.09775,0.999987,0.893873,-0.448321,-6.13647,1.01105,53.2538,55.1289,54.0489,54.2351,-5.64432,-6.58478,-6.0431
-0.206294,-6.84264,2.93e-05,-0.466213,127.695,17.6431,1.06871,1.00069,0.894403,-0.447261,-5.23223,1.01223,53.7321,55.5829,54.5034,54.6879,-4.75424,-5.6798,-5.13996
-0.203132,-6.82406,-0.0002375,-0.466343,128.707,17.0928,1.05751,1.01189,0.894918,-0.446231,-4.32642,1.01343,54.1938,56.0458,54.9584,55.1402,-3.85452,-4.77795,-4.23577
-0.198599,-6.80948,-0.0003353,-0.466543,129.721,16.811,1.0486,1.0208,0.895417,-0.445228,-3.41903,1.01464,54.6531,56.5061,55.4142,55.592,-2.95217,-3.87352,-3.33061
-0.192578,-6.76829,-0.0004114,-0.467089,130.735,16.2356,1.052,1.0174,0.895901,-0.444254,-2.51009,1.01585,55.1009,56.9549,55.8708,56.0434,-2.04273,-2.96207,-2.42454
-0.185047,-6.76747,-0.0003686,-0.467361,131.751,15.9411,1.05392,1.01548,0.896369,-0.443309,-1.59959,1.01708,55.5496,57.4045,56.3284,56.4943,-1.13238,-2.04976,-1.51756
-0.176097,-6.70875,-0.0001376,-0.467735,132.768,15.3371,1.05579,1.01361,0.896822,-0.442392,-0.687554,1.01831,55.9979,57.8538,56.7868,56.9447,-0.220481,-1.13597,-0.60965
-0.165926,-6.72909,2.44e-05,-0.467774,133.787,15.0278,1.05419,1.01521,0.89726,-0.441503,0.226022,1.01955,56.449,58.3057,57.246,57.3948,0.691451,-0.222196,0.299279
-0.154796,-6.65195,0.000324,-0.467517,134.806,14.3892,1.05411,1.01529,0.897683,-0.440643,1.14113,1.0208,56.8983,58.756,57.7056,57.8446,1.60561,0.693747,1.20934
-0.142968,-6.69396,0.000429,-0.467254,135.827,14.0619,1.04681,1.02259,0.89809,-0.439811,2.05775,1.02204,57.3539,59.2124,58.1656,58.294,2.51814,1.608,2.12063
-0.130622,-6.59791,0.0003855,-0.466651,136.849,13.3812,1.03314,1.03626,0.898484,-0.439007,2.97588,1.0233,57.8148,59.6742,58.6257,58.7431,3.42944,2.52096,3.03323
-0.117792,-6.65052,0.0002756,-0.466419,137.872,13.0315,1.031,1.06585,0.898862,-0.438232,3.89552,1.02456,58.2652,60.15,59.0861,59.1919,4.34733,3.42843,3.94714
-0.104355,-6.61148,9.27e-05,-0.46629,138.897,12.6692,0.97294,1.09646,0.899228,-0.437481,4.81665,1.02583,58.7657,60.6265,59.5467,59.6406,5.24229,4.33697,4.8623
-0.090124,-6.59908,8e-05,-0.466262,139.923,11.9196,0.965198,1.1042,0.899571,-0.436775,5.73926,1.0271,59.2207,61.0823,60.0079,60.089,6.16084,5.25697,5.77863
-0.0752628,-6.5775,0.0008026,-0.465953,140.95,11.5256,0.954437,1.11496,0.899931,-0.436031,6.66336,1.02838,59.6783,61.5406,60.4695,60.5372,7.07952,6.1772,6.69617
-0.061118,-6.55268,0.003539,-0.462504,141.978,10.7011,0.943585,1.12581,0.900153,-0.435574,7.58891,1.02863,60.1359,61.9987,60.9302,60.9853,7.99992,7.09854,7.61554
-0.050912,-6.3219,-0.0008476,-0.461561,143.007,10.2636,0.934698,1.13641,0.898462,-0.439051,8.51404,1.02464,60.5946,62.4554,61.3886,61.4344,8.92442,8.01509,8.53639
-0.0462619,-5.55578,-0.0107227,-0.469569,144.032,9.38527,0.932015,1.14217,0.893312,-0.449438,9.43179,1.01596,61.0562,62.9091,61.8474,61.8887,9.85067,8.91845,9.45258
-0.0474875,-4.82541,-0.015576,-0.478755,145.047,8.96133,0.897487,1.17191,0.884428,-0.466676,10.3344,1.00315,61.5593,63.3896,62.3111,62.3531,10.7532,9.78749,10.3566
-0.0550858,-3.41282,-0.0292533,-0.509476,146.051,8.2293,0.943552,1.12585,0.871115,-0.491079,11.2141,0.986949,62.0102,63.8129,62.7842,62.8321,11.6774,10.6612,11.2411
-0.068263,-2.53136,-0.0382568,-0.533012,147.038,7.9337,0.987064,1.08234,0.85243,-0.522842,12.0631,0.968309,62.4892,64.2532,63.2724,63.3306,12.5792,11.4972,12.0988
-0.0852291,-2.21449,-0.0466611,-0.562787,148.006,7.70713,1.0956,0.973805,0.826865,-0.562401,12.8736,0.948389,62.9474,64.6585,63.7828,63.8533,13.4898,12.326,12.9216
-0.104944,-1.04323,-0.0679973,-0.643093,148.954,7.33215,1.21829,0.851112,0.793286,-0.608849,13.638,0.932142,63.4384,65.08,64.3216,64.4048,14.3798,13.1198,13.7019
-0.123205,-0.396723,-0.0709656,-0.691824,149.886,7.23187,1.3427,0.726795,0.754896,-0.655844,14.3542,0.928237,63.9765,65.5387,64.897,64.9901,15.2348,13.8776,14.435
-0.135719,-0.285457,-0.0697834,-0.74124,150.815,7.19336,1.30736,0.767635,0.715887,-0.698216,15.0312,0.937493,64.6778,66.1633,65.5166,65.6138,15.9441,14.4953,15.126
-0.138883,-0.269889,-0.0724518,-0.840875,151.752,7.139,1.29476,0.777675,0.67821,-0.734868,15.6794,0.959174,65.4027,66.8083,66.1866,66.2808,16.6309,15.1079,15.7815
-0.124437,0.977876,-0.0636375,-0.888549,152.711,7.11248,1.20218,0.839045,0.643932,-0.765083,16.3089,0.992815,66.222,67.5364,66.916,66.9961,17.2287,15.667,16.4041
-0.0922695,1.23877,-0.0345896,-0.958285,153.704,7.32678,1.08438,0.950908,0.6146,-0.788838,16.9302,1.03797,67.098,68.3489,67.7078,67.7645,17.7856,16.1801,17.003
-0.0507531,-1.8162,-0.0184661,-0.976804,154.742,7.44418,0.946869,1.07396,0.590757,-0.806849,17.5534,1.09403,68.0314,69.2252,68.5607,68.5907,18.3173,16.6868,17.5943
-0.0152302,-4.59523,0.0106585,-0.981475,155.836,6.97255,0.931585,1.13782,0.573848,-0.818962,18.1888,1.14774,68.9451,70.1326,69.471,69.4797,18.9517,17.257,18.2013
0.0001033,-3.32009,0.0239564,-0.969294,156.984,6.49487,0.849897,1.20067,0.572532,-0.819882,18.8444,1.16726,69.935,71.109,70.4216,70.4216,19.5412,17.86,18.8443
-0.0107331,-1.97279,0.0647208,-0.908778,158.151,5.80391,0.892938,1.18206,0.59273,-0.805401,19.5225,1.14762,70.8423,72.0722,71.3652,71.3716,20.2417,18.5705,19.5312
-0.0597646,-1.75097,0.101176,-0.792349,159.299,5.32105,0.930142,1.14486,0.63434,-0.773054,20.2248,1.08862,71.6899,73.0062,72.2421,72.28,20.9439,19.3398,20.271
-0.143485,-1.89367,0.122869,-0.715163,160.387,5.0855,0.993485,1.08152,0.700799,-0.713359,20.9527,0.991129,72.4007,73.8548,72.9963,73.0969,21.6615,20.1812,21.0551
-0.235254,-0.859663,0.168145,-0.510911,161.378,4.59959,1.14326,0.906003,0.793974,-0.607952,21.7079,0.866182,72.8648,74.4919,73.5858,73.7726,22.403,21.1571,21.8509
-0.288569,-0.379333,0.206985,-0.387143,162.245,4.46685,1.22416,0.844308,0.907212,-0.420673,22.4919,0.769612,73.1466,75.0231,73.9954,74.2572,23.0068,22.1367,22.6133
-0.255945,-0.366582,0.253177,-0.221126,163.014,4.407,1.26012,0.745882,0.991517,-0.129977,23.3062,0.800836,73.2515,75.2405,74.2472,74.5009,23.47,23.2092,23.3394
-0.120685,-0.351333,0.224661,-0.0484228,163.815,4.34839,1.10387,0.946944,0.9864,0.164361,24.1509,0.923733,73.3892,75.4121,74.359,74.478,23.9695,24.3066,24.1311
0.0833609,-0.199709,0.203667,0.0969215,164.739,4.29146,0.905289,1.09991,0.933199,0.359359,25.0221,1.02495,73.3868,75.258,74.3094,74.2316,24.6968,25.4174,25.0521
0.276728,0.476315,0.162316,0.357412,165.764,4.2573,0.629083,1.35273,0.882683,0.46997,25.915,1.07972,73.2617,75.011,74.0612,73.817,25.6193,26.5507,26.045
0.394203,1.46227,0.123674,0.456599,166.844,4.33491,0.455797,1.6136,0.851102,0.525001,26.8247,1.09978,72.9017,74.663,73.6251,73.2896,26.5854,27.6719,27.0317
0.423909,5.08076,0.0583051,0.583836,167.943,4.90576,0.48195,1.59305,0.84138,0.540444,27.7465,1.09105,72.2994,74.0453,73.0616,72.7049,27.4861,28.6075,27.9756
0.378621,4.01182,0.0260849,0.613488,169.034,5.58385,0.612873,1.46213,0.853206,0.521574,28.6756,1.05701,71.5954,73.3658,72.4413,72.1183,28.356,29.4383,28.8731
0.277545,-2.50542,-0.0464053,0.601424,170.091,6.36084,0.809724,1.24112,0.885805,0.464058,29.6073,1.01862,70.8679,72.6845,71.831,71.5852,29.2315,30.1833,29.7361
0.137751,-2.81315,-0.0561169,0.565326,171.11,6.07888,1.04857,1.04422,0.923952,0.382508,30.5378,0.996991,70.1805,72.1141,71.2766,71.1493,30.1367,30.9372,30.5905
-0.0251525,-2.15679,-0.100863,0.460296,172.107,5.38211,1.20268,0.866723,0.95484,0.297119,31.4672,0.982746,69.6645,71.6405,70.7889,70.8129,31.1099,31.7247,31.4597
-0.179331,-0.842407,-0.1314,0.379095,173.09,5.09389,1.35252,0.670669,0.977475,0.21105,32.3966,0.970799,69.2465,71.2241,70.3933,70.5686,32.1111,32.5381,32.3587
-0.289408,-0.28496,-0.149754,0.177422,174.061,4.92892,1.40465,0.620666,0.991849,0.127418,33.3269,0.962772,69.0158,71.0246,70.122,70.409,33.1479,33.406,33.29
-0.339975,0.197713,-0.152112,0.0718543,175.023,4.88829,1.47975,0.67965,0.998798,0.0490261,34.2592,0.959779,68.8489,71.0057,69.9873,70.3269,34.1866,34.2925,34.2425
-0.325783,0.795129,-0.137223,-0.0296605,175.983,4.91652,1.31332,0.691878,0.999757,-0.022035,35.1944,0.961736,69.0019,71.0066,69.9892,70.3149,35.2233,35.1791,35.2015
-0.256735,2.71847,-0.0934447,-0.192979,176.945,5.23622,1.31685,0.745355,0.996426,-0.0844708,36.1335,0.967011,69.0536,71.1085,70.11,70.3658,36.2447,36.0705,36.1552
-0.151877,4.46594,-0.0690698,-0.249824,177.912,5.58782,1.23448,0.812934,0.990473,-0.13771,37.0776,0.974188,69.2494,71.2773,70.3217,70.4721,37.2476,36.9656,37.0985
-0.0318127,5.75247,-0.029075,-0.317611,178.886,6.70254,1.17324,0.848928,0.98335,-0.18172,38.0275,0.982874,69.4729,71.4614,70.5953,70.6266,38.2407,37.8733,38.0333
0.0859072,1.26038,-0.0109629,-0.331631,179.869,7.27855,1.07959,0.984534,0.976215,-0.216804,38.9845,0.992905,69.7681,71.7831,70.9059,70.822,39.2185,38.771,38.9658
0.184603,-2.25103,0.0086362,-0.332394,180.862,7.39877,0.965066,1.0508,0.969915,-0.243445,39.9493,1.0045,70.1149,72.0701,71.23,71.0509,40.1842,39.6935,39.9043
0.247653,-3.91523,0.0302446,-0.303236,181.866,6.76087,0.918269,1.09765,0.965039,-0.262105,40.923,1.01834,70.4199,72.3653,71.545,71.306,41.1637,40.6353,40.8581
0.266019,-2.91315,0.042174,-0.277862,182.885,6.34257,0.872718,1.14287,0.961887,-0.273447,41.9067,1.03453,70.7406,72.6794,71.836,71.5801,42.1454,41.5942,41.834
0.229959,-1.93486,0.0591439,-0.208983,183.919,5.72913,0.827384,1.24806,0.960825,-0.277154,42.9013,1.05028,71.0707,73.0649,72.0866,71.8657,43.1306,42.5554,42.8376
0.141117,-1.326,0.088858,-0.157454,184.969,5.48764,0.795936,1.2802,0.970223,-0.242214,43.904,1.03014,71.3695,73.3839,72.2787,72.1418,44.0968,43.594,43.8699
0.0281326,-0.320145,0.145337,0.0017444,186,5.19653,0.836951,1.2606,0.990892,-0.134662,44.8994,0.971194,71.5105,73.589,72.3677,72.3399,45.0121,44.7296,44.8956
-0.0614878,-0.196329,0.20387,0.122482,186.971,5.15323,0.911488,1.09371,0.997445,0.0714374,45.8689,0.926641,71.4721,73.4721,72.3199,72.3812,45.8038,45.947,45.8645
-0.0943306,1.39788,0.229385,0.277371,187.897,5.12649,0.952628,1.06404,0.941671,0.336535,46.7945,0.966486,71.291,73.1901,72.0993,72.1881,46.4739,47.1526,46.7628
-0.0635134,4.63535,0.0661183,0.495203,188.864,5.69902,0.926779,1.14262,0.855921,0.517106,47.6743,1.02886,70.9599,72.7311,71.6987,71.7531,47.1951,48.2652,47.6415
0.0069467,5.16539,0.0196152,0.524441,189.893,6.24245,0.974066,1.09537,0.825499,0.564404,48.5342,1.03812,70.3845,72.0928,71.1943,71.1886,47.9845,49.1525,48.5382
0.0720193,2.55916,-0.067714,0.483963,190.931,7.28153,0.958004,1.09538,0.856132,0.516758,49.4027,1.01024,69.7983,71.5563,70.6802,70.6185,48.9077,49.9688,49.44
0.0982866,0.586852,-0.0490202,0.44284,191.941,7.52353,0.99026,1.07914,0.905593,0.424148,50.3018,0.997414,69.2428,71.1168,70.2286,70.1395,49.8817,50.7595,50.3435
0.0758303,-0.368984,-0.0463261,0.379892,192.939,7.56857,1.04679,1.01018,0.940499,0.339798,51.2309,0.999161,68.7717,70.7063,69.8276,69.7562,50.8752,51.5741,51.2566
0.014834,-0.287477,-0.0512374,0.345691,193.938,7.53437,1.10464,0.966987,0.963758,0.26678,52.1848,1.00652,68.3891,70.3857,69.468,69.4537,51.8901,52.4428,52.1888
-0.0637599,-0.259319,-0.0559119,0.308238,194.944,7.50762,1.22129,0.78624,0.978183,0.207743,53.1584,1.01265,68.0226,69.9863,69.1549,69.2172,52.9047,53.3218,53.1452
-0.138039,0.709649,-0.0571791,0.227434,195.957,7.46607,1.20337,0.82866,0.986526,0.163603,54.1465,1.01483,67.8447,69.8493,68.8957,69.0318,53.9496,54.2821,54.1239
-0.19293,1.83103,-0.048391,0.190514,196.972,7.53231,1.27192,0.733278,0.990883,0.134728,55.1439,1.01304,67.6224,69.6093,68.6915,68.8827,54.9725,55.2427,55.1179
-0.223926,4.42271,-0.0286286,0.136793,197.985,7.95837,1.23112,0.796849,0.992697,0.120636,56.1454,1.01009,67.5328,69.546,68.5327,68.755,55.9969,56.2415,56.1184
-0.232676,5.23813,-0.0250476,0.117997,198.995,8.3383,1.18136,0.829553,0.993507,0.113767,57.1469,1.00853,67.4631,69.461,68.4056,68.6368,57.0125,57.2412,57.1204
-0.223863,5.62769,-0.0164425,0.0889339,200.003,9.20702,1.14394,0.861255,0.994189,0.107648,58.1478,1.00718,67.3881,69.3817,68.3029,68.5254,58.0246,58.2405,58.1237
-0.20277,5.58543,-0.0126496,0.0787508,201.011,9.62538,1.05277,0.957273,0.994722,0.102611,59.1481,1.006,67.3725,69.372,68.2181,68.4198,59.04,59.2463,59.1272
-0.17394,5.64778,-0.0065817,0.0654614,202.017,10.409,1.03838,1.016,0.995129,0.0985771,60.1478,1.00493,67.2854,69.3298,68.1457,68.3188,60.0454,60.2479,60.1306
-0.140881,5.56911,-0.0039441,0.0617772,203.021,10.7821,1.03755,1.05589,0.995422,0.0955754,61.147,1.00397,67.1886,69.2724,68.0812,68.2214,61.0478,61.2479,61.1335
-0.106423,5.60031,-0.0015502,0.0598569,204.025,11.1378,1.05247,1.1062,0.99561,0.0936043,62.1456,1.00311,67.0787,69.2279,68.0206,68.1266,62.0471,62.2491,62.1356
-0.072954,5.56228,0.0027057,0.0607671,205.029,11.8221,1.03666,1.12274,0.995697,0.092669,63.1437,1.00239,67.0011,69.1512,67.9607,68.0333,63.0476,63.2478,63.137
-0.0424009,5.56411,0.0044426,0.0632688,206.031,12.1469,1.01445,1.132,0.995687,0.0927715,64.1413,1.00181,66.9304,69.0676,67.8983,67.9405,64.0472,64.2464,64.1374
-0.0161816,5.55708,0.0071636,0.0714985,207.033,12.7731,0.972712,1.12375,0.99558,0.0939133,65.1385,1.0014,66.8787,68.9659,67.831,67.8471,65.0471,65.244,65.137
0.004819,5.03602,0.0083236,0.0769189,208.034,13.0741,0.953672,1.14042,0.995372,0.0960949,66.1351,1.00116,66.8028,68.8872,67.7569,67.7521,66.0435,66.2447,66.1356
0.0199315,3.51297,0.0108872,0.0903249,209.035,13.5703,0.932342,1.16147,0.995056,0.0993156,67.1314,1.00109,66.7266,68.8101,67.6742,67.6544,67.0388,67.2467,67.1333
0.0283829,1.35171,0.0122847,0.0984351,210.036,13.7504,0.935689,1.21271,0.994622,0.103573,68.1272,1.0012,66.6222,68.7591,67.5811,67.5529,68.0302,68.2528,68.1301
0.0293243,0.0794737,0.0133711,0.107421,211.038,13.819,0.851653,1.18662,0.994057,0.108865,69.1225,1.00148,66.6001,68.6262,67.4758,67.4467,69.0298,69.2517,69.1257
0.0223689,-2.27326,0.0142989,0.127015,212.039,13.7666,0.885276,1.13648,0.993344,0.115186,70.1175,1.00192,66.4552,68.4635,67.3568,67.3346,70.0156,70.2484,70.1201
0.0080528,-2.296,0.0141088,0.136957,213.041,13.6506,0.91261,1.09259,0.992465,0.122529,71.1121,1.00252,66.3099,68.3,67.2236,67.2156,71.0003,71.246,71.1131
-0.0124573,-2.51419,0.0137368,0.156474,214.044,13.4102,0.920282,1.14302,0.991397,0.130887,72.1064,1.00325,66.1763,68.2219,67.0763,67.0887,71.9859,72.256,72.1048
-0.0378637,-2.85702,0.0133377,0.16595,215.047,13.2783,0.926892,1.17091,0.990117,0.140247,73.1003,1.00412,66.035,68.1121,66.9153,66.9528,72.9703,73.2645,73.095
-0.0665336,-3.55457,0.0115652,0.183513,216.051,12.9572,0.924419,1.12345,0.988595,0.150596,74.0939,1.00513,65.8929,67.9174,66.741,66.8068,73.9547,74.2631,74.0839
-0.0962376,-4.24022,0.0103512,0.191185,217.056,12.7637,0.960908,1.05163,0.986804,0.161917,75.0872,1.00633,65.7015,67.6875,66.5548,66.6498,74.9316,75.2575,75.0716
-0.124276,-5.0341,0.0076509,0.203786,218.062,12.2665,0.974277,1.08352,0.984712,0.174189,76.0802,1.0078,65.5212,67.5475,66.3582,66.4805,75.9105,76.2689,76.0585
-0.147733,-5.73765,0.0063251,0.208675,219.07,11.9758,1.01883,1.02799,0.982286,0.187389,77.0729,1.00966,65.2974,67.3079,66.153,66.2981,76.882,77.2655,77.0452
-0.163743,-6.0262,0.005247,0.212724,220.08,11.6356,1.05101,0.989632,0.979491,0.201487,78.0654,1.0121,65.072,67.0708,65.9411,66.1015,77.8536,78.2648,78.0324
-0.169811,-6.49878,0.0039826,0.219003,221.092,10.8738,1.07953,0.978273,0.976294,0.216451,79.0576,1.01527,64.8356,66.8446,65.7237,65.8895,78.824,79.2694,79.0209
-0.16416,-6.48996,0.0041374,0.221845,222.107,10.4471,1.1307,0.890563,0.972658,0.23224,80.0497,1.01932,64.5614,66.5274,65.5015,65.6612,79.7871,80.2565,80.0115
-0.14615,-6.09622,0.0067519,0.229037,223.127,9.5494,1.14326,0.907176,0.968549,0.248823,81.0415,1.0243,64.3082,66.2941,65.2739,65.4155,80.757,81.2672,81.0051
-0.116881,-5.61621,0.009556,0.234749,224.151,9.09156,1.17775,0.847267,0.963943,0.266108,82.0331,1.0301,64.016,65.968,65.0386,65.1513,81.7197,82.2586,82.002
-0.0798378,-4.5076,0.0182934,0.25404,225.181,8.22335,1.1966,0.808859,0.958765,0.2842,83.0246,1.03657,63.7204,65.6431,64.7911,64.8676,82.6845,83.2545,83.0019
-0.0408856,-3.71842,0.0226055,0.268368,226.217,7.83026,1.19687,0.821234,0.953164,0.302454,84.016,1.04282,63.4226,65.3462,64.5244,64.5634,83.654,84.2643,84.0036
-0.0072926,-2.68207,0.0427936,0.313223,227.26,7.18284,1.2022,0.842708,0.94575,0.324896,85.0064,1.04268,63.1001,65.034,64.2302,64.2371,84.6158,85.2802,85.004
0.0142478,-2.23808,0.0549257,0.347355,228.303,6.91653,1.17339,0.906733,0.933452,0.358703,85.9862,1.03337,62.7867,64.7284,63.8953,63.882,85.5653,86.3115,85.9913
0.020603,-1.89355,0.0729661,0.437494,229.336,6.46816,1.0916,0.966201,0.913861,0.406027,86.9405,1.01634,62.4909,64.3714,63.5073,63.4885,86.4973,87.3328,86.9489
0.0145356,-1.8939,0.081142,0.491234,230.353,6.25989,1.04291,1.02254,0.884192,0.467124,87.8542,0.994127,62.1245,63.9507,63.0595,63.0466,87.367,88.3318,87.861
0.0037465,-1.82704,0.0997838,0.61707,231.347,5.81901,0.969019,1.10038,0.840216,0.542252,88.7121,0.971079,61.7324,63.4711,62.5497,62.5466,88.1866,89.3088,88.7141
-0.0023723,-1.07983,0.111967,0.690838,232.318,5.59491,0.852372,1.21832,0.776878,0.629651,89.4991,0.953838,61.3164,62.9251,61.9768,61.9786,88.9624,90.2662,89.4976
0.0035607,-0.504038,0.126425,0.774434,233.272,5.45814,0.949013,1.12599,0.68806,0.725653,90.2002,0.950786,60.6798,62.1076,61.3353,61.3328,89.5116,91.0173,90.2028
0.0266622,-0.277496,0.136561,0.963105,234.223,5.35411,0.997604,1.0718,0.5741,0.818785,90.8004,0.96613,60.0268,61.2148,60.6148,60.5995,89.9836,91.678,90.8222
0.0648441,-0.28343,0.128279,1.05608,235.189,5.31771,0.999591,1.06981,0.455578,0.890196,91.293,0.99055,59.3219,60.2647,59.8068,59.7773,90.4032,92.2453,91.3507
0.103215,-0.176654,0.125945,1.14466,236.179,5.28027,0.965531,1.10314,0.350791,0.936454,91.6868,1.01503,58.5416,59.2673,58.9165,58.8803,90.7827,92.7199,91.7835
0.123026,0.740086,0.109517,1.31177,237.194,5.25883,0.943487,1.09238,0.260873,0.965373,91.9924,1.03441,57.6783,58.2094,57.9565,57.9244,91.0816,93.047,92.1112
0.115135,1.74008,0.092913,1.38238,238.229,5.35644,0.869886,1.18074,0.186063,0.982538,92.2201,1.04598,56.7634,57.1449,56.9467,56.9252,91.3654,93.3802,92.3332
0.0848677,3.9992,0.0581186,1.48819,239.275,5.89427,0.794942,1.24609,0.124745,0.992189,92.3805,1.04752,55.7995,56.0541,55.9092,55.8986,91.5917,93.6168,92.4647
0.0455606,4.73551,0.0434979,1.52372,240.322,6.35147,0.804439,1.20076,0.0754499,0.99715,92.4839,1.03757,54.7997,54.951,54.8638,54.8604,91.6818,93.6813,92.5294
0.0087231,5.53311,0.0266708,1.57096,241.36,7.37418,0.903275,1.18492,0.0358598,0.999357,92.541,1.02069,53.7938,53.8687,53.8265,53.8262,91.6383,93.7251,92.5497
-0.0200566,5.56654,0.0243629,1.58885,242.38,7.88192,1.03493,0.970269,0.0011434,0.999999,92.5597,1.00649,52.8047,52.807,52.8059,52.8059,91.5248,93.53,92.5397
-0.0387818,5.67885,0.0194184,1.61936,243.387,8.8224,1.1242,0.936183,-0.0310759,0.999517,92.5444,0.995727,51.8337,51.7697,51.8,51.7988,91.4208,93.4801,92.5056
-0.0469075,5.65277,0.0176593,1.63234,244.383,9.26202,1.20011,0.948295,-0.0600551,0.998195,92.4987,0.988012,50.875,50.746,50.8057,50.8029,91.3008,93.4453,92.4519
-0.045017,5.76462,0.0138077,1.65439,245.371,10.0847,1.151,0.889129,-0.085591,0.99633,92.4264,0.982911,49.9149,49.7403,49.8203,49.8164,91.2796,93.3123,92.3816
-0.033994,5.71324,0.0118631,1.66337,246.354,10.4772,1.19774,0.817685,-0.10743,0.994213,92.3312,0.980002,48.966,48.7495,48.841,48.8373,91.1404,93.1441,92.2974
-0.0149077,5.73708,0.0100344,1.67104,247.334,10.8522,1.19861,0.891754,-0.125418,0.992104,92.2167,0.978897,48.0141,47.7519,47.8656,47.8638,91.0276,93.1014,92.2019
0.0109191,5.7511,0.0065826,1.68261,248.312,11.5703,1.16135,0.961397,-0.139449,0.990229,92.0868,0.979264,47.0558,46.7598,46.8923,46.8938,90.9368,93.0388,92.0976
0.0419089,5.70687,0.0050741,1.68669,249.292,11.9132,1.11467,0.891909,-0.149465,0.988767,91.9451,0.980833,46.0922,45.7923,45.9194,45.9256,90.843,92.827,91.9866
0.076131,5.72787,0.0028346,1.69212,250.273,12.5667,1.06417,0.985039,-0.155448,0.987844,91.7954,0.983418,45.1227,44.8041,44.9454,44.9572,90.7442,92.7685,91.8706
0.111208,5.6539,0.0019939,1.6938,251.256,12.8818,1.00085,1.07822,-0.157409,0.987533,91.6414,0.986936,44.1443,43.817,43.9693,43.9868,90.653,92.7061,91.7512
0.144346,5.64436,0.001403,1.69499,252.243,13.1855,0.967408,1.04542,-0.155386,0.987854,91.4867,0.991427,43.1626,42.8499,42.9899,43.0123,90.5311,92.5194,91.6293
0.172439,5.59462,0.0002901,1.69621,253.234,13.7716,0.959411,1.18896,-0.149435,0.988772,91.3352,0.997077,42.1753,41.8543,42.0062,42.032,90.3866,92.5108,91.5057
0.192357,5.53942,-0.0006062,1.6961,254.231,14.0531,0.900376,1.10911,-0.13966,0.9902,91.1905,1.00417,41.1695,40.8889,41.0169,41.0438,90.299,92.2888,91.381
0.201648,4.7325,-0.0030129,1.69292,255.236,14.5807,0.897433,1.21875,-0.126093,0.992019,91.0565,1.0133,40.1591,39.8923,40.0205,40.0459,90.1662,92.2655,91.2565
0.199155,2.29404,-0.0013603,1.69139,256.249,14.8061,0.88474,1.13928,-0.112022,0.993706,90.9357,1.02268,39.1361,38.9094,39.0147,39.037,90.0566,92.0678,91.1336
0.185145,-1.29527,7.41e-05,1.69071,257.272,14.9391,0.917541,1.09785,-0.100913,0.994895,90.8269,1.03082,38.1107,37.9073,37.9994,38.0181,89.914,91.9191,91.0111
0.161234,-4.4053,0.0002263,1.69082,258.302,14.8783,0.92855,1.13631,-0.0927603,0.995688,90.7272,1.03743,37.0771,36.8855,36.976,36.9909,89.8027,91.8586,90.8878
0.129962,-5.39887,0.0002347,1.69098,259.34,14.6696,0.961288,1.04701,-0.0874562,0.996168,90.6339,1.04231,36.0415,35.8658,35.946,35.9574,89.6763,91.677,90.7634
0.0943246,-6.49306,-0.000405,1.69097,260.382,14.1012,0.993982,1.10447,-0.0849472,0.996386,90.5444,1.04534,35.0037,34.8254,34.9112,34.9193,89.554,91.6449,90.6384
0.0577395,-6.47955,-0.000458,1.69066,261.427,13.7751,1.04809,1.027,-0.0851944,0.996364,90.4557,1.04651,33.9676,33.7908,33.8734,33.8783,89.4115,91.479,90.5133
0.0231765,-6.52027,0.0003579,1.69044,262.474,13.1016,1.07963,0.930778,-0.088184,0.996104,90.3653,1.0459,32.9316,32.7543,32.8344,32.8364,89.2899,91.2925,90.3884
-0.0071666,-6.48865,0.0009291,1.69089,263.52,12.7485,1.13699,0.86821,-0.093924,0.995579,90.2704,1.04361,31.9021,31.7138,31.796,31.7953,89.1384,91.1347,90.2632
-0.0311989,-6.53145,0.0016072,1.69275,264.563,12.0177,1.17869,0.961125,-0.102444,0.994739,90.1682,1.0398,30.8776,30.6584,30.76,30.7568,88.9957,91.1242,90.1371
-0.0464273,-6.45203,0.0015855,1.69387,265.603,11.631,1.18172,0.877177,-0.113794,0.993504,90.0559,1.03473,29.8572,29.6229,29.728,29.7228,88.8819,90.9274,90.0098
-0.0503888,-6.0689,0.0042288,1.69747,266.638,10.8346,1.18991,0.827365,-0.128041,0.991769,89.931,1.02867,28.8473,28.589,28.7014,28.6949,88.7509,90.7516,89.881
-0.042548,-5.67394,0.0069906,1.70139,267.667,10.4351,1.19775,0.807452,-0.145265,0.989393,89.7906,1.02188,27.8491,27.5578,27.6813,27.6751,88.6055,90.5895,89.7485
-0.0241019,-4.58601,0.0143547,1.71601,268.689,9.67332,1.18249,0.857738,-0.165559,0.9862,89.632,1.0145,26.8608,26.5231,26.6691,26.6651,88.4658,90.4779,89.6082
0.0024018,-3.87939,0.0191279,1.72772,269.703,9.33557,1.15686,0.8833,-0.189016,0.981974,89.4524,1.0067,25.8854,25.4997,25.6662,25.6667,88.3164,90.3198,89.4548
0.0332922,-2.68599,0.0303578,1.76214,270.71,8.77841,1.08748,1.01032,-0.215724,0.976454,89.2492,0.998574,24.9163,24.4638,24.6746,24.6817,88.1873,90.2357,89.2817
0.0640862,-2.20539,0.0364381,1.7855,271.708,8.56155,1.01034,1.08746,-0.245751,0.969333,89.0195,0.990319,23.9603,23.4448,23.6963,23.712,88.0402,90.0737,89.0817
0.0906322,-1.88356,0.0449578,1.84277,272.699,8.20946,0.885722,1.16944,-0.279133,0.960253,88.7607,0.982223,23.0066,22.4329,22.734,22.7593,87.9102,89.8837,88.8478
0.110938,-1.88738,0.0488311,1.87555,273.681,8.04725,0.85182,1.20803,-0.31585,0.948809,88.4701,0.974601,22.0945,21.4439,21.7904,21.8255,87.6618,89.6162,88.5753
0.123959,-1.68468,0.0530071,1.91122,274.655,7.88137,0.808259,1.27514,-0.355809,0.934559,88.1448,0.967773,21.1999,20.4586,20.8682,20.9123,87.3894,89.3364,88.2606
0.128698,-0.760957,0.0600603,1.99083,275.623,7.60554,0.761486,1.27532,-0.398811,0.917033,87.7821,0.962096,20.3252,19.5129,19.9702,20.0215,87.0838,88.9516,87.9001
0.125089,-0.347025,0.0611262,2.03324,276.585,7.53518,0.783583,1.29176,-0.44453,0.895764,87.3793,0.958011,19.5033,18.5807,19.0994,19.155,86.6774,88.5365,87.4914
0.115618,-0.267055,0.0616582,2.11878,277.543,7.47712,0.734382,1.33502,-0.492495,0.870315,86.9338,0.956097,18.6762,17.657,18.2575,18.3145,86.2946,88.0957,87.0344
0.103796,-0.270616,0.0630903,2.16248,278.499,7.45207,0.865097,1.2099,-0.542071,0.840333,86.4426,0.957033,17.9708,16.846,17.4456,17.5018,85.7157,87.4593,86.5298
0.0915617,-0.27097,0.0635491,2.20682,279.456,7.42661,0.984976,1.09002,-0.592474,0.80559,85.9032,0.961489,17.3024,16.073,16.6646,16.7188,85.1097,86.7813,85.9769
0.080833,-0.26632,0.0642539,2.29626,280.418,7.37548,1.09954,0.975465,-0.642778,0.766052,85.3127,0.970166,16.674,15.3403,15.9153,15.9673,84.4704,86.06,85.3746
0.0731387,-0.0829854,0.0642903,2.34135,281.388,7.35016,1.15186,0.923139,-0.69203,0.721868,84.6684,0.983694,16.0461,14.6102,15.1984,15.249,83.8369,85.3348,84.7212
0.0697639,0.285099,0.0625771,2.38568,282.372,7.34225,1.13933,0.935668,-0.739105,0.673591,83.9677,1.00275,15.4078,13.8742,14.5142,14.5658,83.2002,84.5979,84.0147
0.0724404,1.41882,0.0607629,2.47235,283.375,7.43359,1.11417,0.960826,-0.783533,0.621349,83.2077,1.0273,14.7924,13.1665,13.8626,13.9194,82.5154,83.8047,83.2527
0.0819072,2.02183,0.0550797,2.51282,284.402,7.56602,1.01661,1.05839,-0.822449,0.568838,82.386,1.05228,14.1476,12.441,13.2442,13.3115,81.8077,82.9881,82.4326
0.0973502,2.94428,0.0387453,2.57851,285.454,7.96731,0.874784,1.13766,-0.85155,0.524273,81.5083,1.07144,13.4851,11.7714,12.6573,12.7402,81.0496,82.1047,81.5593
0.115912,3.23782,0.0336748,2.60381,286.526,8.22192,0.906517,1.16288,-0.871354,0.490655,80.5883,1.0828,12.9894,11.1863,12.0985,12.1995,80.1435,81.1589,80.6452
0.132764,3.81451,0.0254495,2.64497,287.608,8.77492,0.968497,1.1009,-0.884329,0.466864,79.6403,1.0849,12.5402,10.7102,11.5663,11.6837,79.1881,80.1542,79.7022
0.14234,3.73107,0.0219166,2.66154,288.693,9.07411,0.980985,1.08514,-0.891597,0.45283,78.6784,1.07723,12.0614,10.2192,11.0598,11.1867,78.2342,79.1698,78.7429
0.139303,0.33242,0.0148335,2.68739,289.771,9.62112,1.0436,1.05369,-0.893999,0.448068,77.717,1.05961,11.6356,9.76062,10.5781,10.7026,77.2494,78.1891,77.7794
0.120338,-1.69342,0.0058848,2.6947,290.83,9.64528,1.0266,1.00325,-0.890943,0.454115,76.7701,1.03393,11.1401,9.33162,10.1182,10.2255,76.3039,77.2257,76.8247
0.0866202,-5.13728,0.0009842,2.69702,291.864,9.25483,1.07745,0.954016,-0.885373,0.464882,75.8513,1.00864,10.7037,8.90514,9.67311,9.7498,75.3504,76.2948,75.8915
0.0433337,-5.44735,0.008443,2.70029,292.873,8.85776,1.14137,0.897323,-0.885128,0.465348,74.9599,0.988112,10.2898,8.48534,9.24123,9.27959,74.4287,75.3774,74.98
-0.0005059,-5.80603,0.0169611,2.71865,293.861,7.93412,1.20728,0.849494,-0.893335,0.449391,74.083,0.972241,9.90545,8.06806,8.82739,8.82694,73.5404,74.4647,74.0828
-0.0333775,-5.44968,0.0240759,2.73301,294.833,7.40419,1.2207,0.842694,-0.908879,0.417059,73.2073,0.96372,9.51372,7.63834,8.43458,8.40425,72.6982,73.5588,73.1934
-0.0474829,-4.10368,0.0506145,2.78272,295.797,6.36052,1.19067,0.878732,-0.929974,0.367627,72.3196,0.966383,9.1312,7.20671,8.06807,8.02391,71.8819,72.6427,72.3022
-0.0424264,-3.05857,0.0697496,2.82501,296.763,5.89162,1.10859,0.960808,-0.953551,0.301232,71.4065,0.983756,8.75542,6.78214,7.73878,7.69832,71.0726,71.6959,71.3937
-0.0272053,-2.51224,0.0864272,2.87979,297.747,5.51628,0.975867,1.09313,-0.975176,0.221432,70.4547,1.01449,8.39152,6.37388,7.4664,7.43987,70.2387,70.6968,70.4487
-0.0135211,-1.93947,0.123545,3.0243,298.761,4.88878,0.863521,1.0891,-0.992513,0.122142,69.4543,1.02411,8.1201,6.1821,7.27646,7.26304,69.3488,69.5873,69.4526
-0.0046351,-1.69537,0.155281,3.12132,299.786,4.60271,0.871233,1.13397,-0.999841,-0.0178113,68.4315,1.00434,8.0761,6.07122,7.20964,7.20501,68.447,68.4113,68.4316
0.0038218,-0.71809,0.243231,-2.88718,300.79,4.11829,0.846178,1.18625,-0.976185,-0.216941,67.435,0.98578,8.14296,6.15893,7.31321,7.31694,67.6186,67.1777,67.4342
0.0199009,-0.397798,0.290928,-2.6993,301.776,3.99438,0.882359,1.13024,-0.883072,-0.469238,66.5139,1.00307,8.42937,6.6521,7.63262,7.65019,66.9279,65.9835,66.5045
0.0485244,-0.365339,0.229446,-2.33683,302.779,3.85926,0.961634,1.11337,-0.721909,-0.691988,65.7149,1.02379,8.92982,7.43186,8.20058,8.23561,66.3803,64.9444,65.6813
0.0816762,-0.356395,0.223849,-2.17912,303.803,3.79242,0.91829,1.15812,-0.545557,-0.838074,65.0751,1.01064,9.51319,8.38039,8.96765,9.01221,65.8447,64.1046,65.0067
0.104092,-0.313931,0.237333,-2.01849,304.813,3.72606,0.896481,1.11345,-0.348627,-0.937261,64.6291,0.956749,10.2058,9.50513,9.85702,9.89331,65.4694,63.5855,64.5316
0.108129,-0.187495,0.290594,-1.64604,305.77,3.61599,0.894315,1.11089,-0.115027,-0.993362,64.4089,0.906491,10.8983,10.6676,10.783,10.7954,65.2973,63.3054,64.3015
0.099071,-0.10449,0.286902,-1.44319,306.676,3.57951,0.884865,1.12033,0.136704,-0.990612,64.4179,0.887522,11.5522,11.8263,11.6867,11.6731,65.2945,63.3081,64.3198
0.0846602,-0.0298453,0.280806,-1.24459,307.564,3.55902,0.886539,1.12086,0.373579,-0.927598,64.6406,0.89619,12.1753,12.9252,12.5381,12.5065,65.4629,63.6008,64.562
0.0634682,0.141113,0.255057,-0.8684,308.46,3.56352,0.907917,1.17714,0.575159,-0.818042,65.061,0.925051,12.7536,13.9529,13.3123,13.2758,65.8037,64.098,65.009
0.0266516,0.330087,0.236407,-0.695714,309.385,3.59114,0.908863,1.16614,0.73345,-0.679743,65.6632,0.967409,13.2951,14.817,13.9812,13.9617,66.281,64.8705,65.6451
-0.0310596,0.590592,0.208145,-0.541492,310.353,3.65491,0.88106,1.18834,0.849611,-0.527409,66.4314,1.01908,13.7958,15.554,14.518,14.5444,66.8961,65.8047,66.4478
-0.103475,2.21126,0.14959,-0.288383,311.372,3.94641,0.97582,1.00331,0.929948,-0.36769,67.3497,1.08133,14.097,15.9375,14.9082,15.0045,67.7085,66.9808,67.3877
-0.170197,3.75137,0.104063,-0.200529,312.453,4.32086,1.08051,0.924689,0.97454,-0.224214,68.4006,1.14715,14.272,16.2262,15.1592,15.325,68.6428,68.1932,68.4387
-0.21354,3.05952,0.032157,-0.107825,313.6,5.57717,1.14936,0.901129,0.991344,-0.131293,69.5471,1.1886,14.3867,16.4194,15.3144,15.5261,69.698,69.4288,69.5751
-0.223778,-2.81486,-0.0179047,-0.100396,314.789,6.1135,1.19301,0.845703,0.996083,-0.0884278,70.7382,1.18885,14.4652,16.4959,15.4306,15.6535,70.8437,70.6634,70.758
-0.192878,-2.92993,-0.034813,-0.118733,315.978,5.78223,1.2251,0.830634,0.996176,-0.087374,71.9227,1.14215,14.5335,16.5814,15.5618,15.7539,72.0297,71.8501,71.9395
-0.127733,-2.23693,-0.0967476,-0.204538,317.12,5.02554,1.25784,0.774981,0.991067,-0.133368,73.0492,1.04704,14.6272,16.6419,15.7472,15.8738,73.217,72.9459,73.0662
-0.0372909,-2.01245,-0.190002,-0.398508,318.167,4.36513,1.2169,0.818402,0.971069,-0.238801,74.0665,0.910245,14.878,16.8545,16.0235,16.0597,74.3571,73.8711,74.0754
0.0440684,-1.12517,-0.283439,-0.559923,319.077,4.02951,1.19502,0.894068,0.89634,-0.443367,74.9232,0.775055,15.2871,17.1597,16.3978,16.3583,75.4531,74.5268,74.9037
0.0638229,-0.505654,-0.294388,-0.766884,319.852,3.82907,1.10253,0.972475,0.701869,-0.712306,75.5699,0.748985,16.0404,17.4968,16.8591,16.8143,76.3552,74.8772,75.5244
-0.0163287,-0.346925,-0.254356,-0.968011,320.601,3.73549,1.13638,0.93302,0.421051,-0.907037,75.9942,0.83295,16.9566,17.8279,17.4282,17.4351,77.025,75.148,76.0091
-0.183128,-0.154815,-0.270583,-1.14993,321.434,3.6699,1.12107,0.892841,0.165764,-0.986166,76.221,0.933094,18.0055,18.3393,18.161,18.1913,77.3265,75.3405,76.4016
-0.363145,0.194374,-0.236877,-1.51101,322.367,3.64553,1.21314,0.792055,-0.0242861,-0.999705,76.2762,1.00388,19.0816,19.0329,19.061,19.0522,77.4889,75.4843,76.6392
-0.478373,0.54149,-0.20996,-1.66774,323.371,3.68266,1.39885,0.634874,-0.158463,-0.987365,76.186,1.04926,20.2083,19.8861,20.0625,19.9867,77.5671,75.5591,76.6583
-0.497432,0.890198,-0.171778,-1.79991,324.42,3.78418,1.4388,0.543522,-0.254819,-0.966989,75.9765,1.07227,21.3306,20.8255,21.0907,20.964,77.3678,75.4509,76.4575
-0.431983,2.94259,-0.102888,-1.99278,325.493,4.15936,1.55441,0.482691,-0.32657,-0.945173,75.6739,1.06844,22.4608,21.7956,22.0943,21.9532,77.1431,75.2177,76.0822
-0.319052,5.09648,-0.0578183,-2.102,326.561,5.18176,1.55985,0.530948,-0.384151,-0.92327,75.304,1.04971,23.5232,22.72,23.0466,22.924,76.7441,74.8138,75.5985
-0.194982,5.43516,-0.0439171,-2.1376,327.611,5.82972,1.33074,0.744264,-0.435484,-0.900197,74.8824,1.03329,24.4408,23.5372,23.9462,23.8613,76.0804,74.2125,75.058
-0.0804144,5.67186,-0.0307216,-2.18917,328.644,7.03184,1.12074,0.954259,-0.482297,-0.876008,74.4141,1.0209,25.3075,24.3067,24.8057,24.767,75.3959,73.5782,74.4846
0.0166511,5.5206,-0.0259244,-2.20897,329.665,7.57544,0.965553,1.10945,-0.523968,-0.851738,73.9031,1.01292,26.1495,25.0623,25.6348,25.6436,74.7255,72.9582,73.8889
0.0936851,5.58548,-0.0223139,-2.22588,330.678,8.06944,0.804823,1.27018,-0.56057,-0.828107,73.3537,1.00882,26.945,25.7818,26.4413,26.4938,74.0202,72.3019,73.2761
0.150271,5.56092,-0.0157521,-2.25237,331.687,8.99019,0.743282,1.33172,-0.59219,-0.805798,72.77,1.00778,27.7606,26.5318,27.2315,27.3204,73.3689,71.6969,72.6489
0.186836,5.5525,-0.0128786,-2.26239,332.694,9.41322,0.663164,1.41184,-0.619042,-0.785358,72.1562,1.00894,28.5366,27.2521,28.0104,28.126,72.677,71.0474,72.0095
0.204254,5.55569,-0.0078935,-2.2768,333.703,10.2079,0.668594,1.40641,-0.641382,-0.767222,71.5165,1.01144,29.3422,28.0113,28.7823,28.9133,72.0295,70.4375,71.3598
0.20385,5.50815,-0.0057971,-2.28159,334.715,10.5821,0.646151,1.42885,-0.659479,-0.751723,70.8551,1.01451,30.1111,28.7427,29.5505,29.685,71.3409,69.781,70.7019
0.187437,5.53902,-0.0024886,-2.28726,335.729,11.2891,0.69819,1.37681,-0.673589,-0.739106,70.1762,1.01746,30.9139,29.5162,30.3174,30.4436,70.6922,69.1586,70.0377
0.157366,5.47705,-0.0011934,-2.28855,336.747,11.6274,0.713996,1.361,-0.683929,-0.729549,69.4839,1.01967,31.6803,30.2611,31.0843,31.192,70.0048,68.491,69.3691
0.116549,5.53015,0.0006279,-2.28886,337.766,12.2709,0.795576,1.27942,-0.690667,-0.723173,68.7825,1.02069,32.4822,31.049,31.8522,31.9327,69.3578,67.8572,68.6982
0.0684196,5.46951,0.0013448,-2.28817,338.787,12.5824,0.829391,1.24561,-0.693921,-0.720051,68.0761,1.0202,33.244,31.8041,32.621,32.6685,68.6733,67.1792,68.0268
0.016697,5.50017,0.0023273,-2.28689,339.807,12.8831,0.919822,1.15518,-0.69371,-0.720255,67.3688,1.01808,34.04,32.6006,33.3903,33.4019,68.0313,66.5368,67.3568
-0.0351601,5.4971,0.004517,-2.282,340.825,13.4689,0.959046,1.09938,-0.690119,-0.723696,66.665,1.01486,34.7976,33.3771,34.1601,34.1358,67.3591,65.8694,66.6904
-0.0844857,5.51092,0.0030264,-2.27936,341.84,13.7516,1.0346,1.0404,-0.685067,-0.72848,65.9678,1.01178,35.5809,34.1594,34.93,34.8721,66.7214,65.2098,66.0293
-0.129613,5.52248,0.0014998,-2.2764,342.852,14.3028,1.05474,1.02026,-0.68026,-0.732971,65.2773,1.00902,36.3287,34.9172,35.6994,35.6113,66.0504,64.5294,65.3723
-0.169789,5.51742,0.0011351,-2.27548,343.861,14.5706,1.12149,0.950037,-0.675629,-0.737241,64.5931,1.00664,37.1108,35.7112,36.4678,36.3531,65.4199,63.8927,64.7183
-0.204767,5.54041,0.000497,-2.27435,344.868,15.0924,1.1307,0.944302,-0.671206,-0.741271,63.9149,1.00462,37.8566,36.4639,37.2351,37.0977,64.7531,63.2149,64.0667
-0.234425,5.51725,0.0001899,-2.27411,345.872,15.3472,1.16452,0.865359,-0.666992,-0.745065,63.2422,1.00295,38.6216,37.2677,38.0013,37.8449,64.1098,62.5974,63.4169
-0.258676,5.54864,-0.0003291,-2.27422,346.875,15.8432,1.18339,0.891606,-0.662998,-0.748621,62.5746,1.00163,39.3793,38.0036,38.7662,38.5947,63.4605,61.9071,62.7682
-0.277482,5.51351,-0.0005433,-2.27452,347.877,16.0865,1.17521,0.899788,-0.659231,-0.751941,61.9116,1.00065,40.1219,38.754,39.5301,39.3471,62.7953,61.235,62.1203
-0.290887,5.52499,-0.0006952,-2.27496,348.878,16.3246,1.20743,0.850467,-0.655698,-0.755023,61.2529,1.00001,40.8938,39.5444,40.2928,40.1021,62.1646,60.6108,61.4726
-0.299023,5.51754,-0.0008746,-2.27608,349.878,16.7923,1.19796,0.877045,-0.652406,-0.75787,60.5981,0.999674,41.641,40.2873,41.0546,40.8595,61.506,59.9334,60.8247
-0.302117,4.82597,-0.0009116,-2.2767,350.877,17.0207,1.18106,0.87941,-0.649361,-0.760481,59.9466,0.999646,42.3863,41.0483,41.8155,41.6193,60.8448,59.2779,60.1764
-0.300463,2.32208,-0.0008746,-2.27798,351.877,17.3757,1.20479,0.870215,-0.646567,-0.762857,59.2982,0.999905,43.1606,41.819,42.5759,42.3816,60.2173,58.6344,59.5274
-0.294431,-0.227798,-0.0007835,-2.27856,352.877,17.469,1.17529,0.899712,-0.64403,-0.765001,58.6524,1.00044,43.9031,42.5668,43.3358,43.1462,59.5515,57.9641,58.8776
-0.284479,-3.52531,-0.0005978,-2.2795,353.877,17.3838,1.16605,0.84697,-0.641752,-0.766912,58.0087,1.00123,44.6615,43.3696,44.0957,43.9132,58.903,57.3591,58.2269
-0.271087,-5.76874,-0.0005689,-2.27991,354.878,17.2413,1.16171,0.913291,-0.639739,-0.768592,57.3668,1.00226,45.4256,44.0981,44.8558,44.6824,58.2597,56.6648,57.5751
-0.254682,-6.32949,-0.0004271,-2.28026,355.881,17.0054,1.12348,0.951522,-0.637991,-0.770044,56.7262,1.00353,46.1706,44.8467,45.6163,45.4538,57.5913,55.9935,56.9223
-0.235828,-6.84004,0.0001093,-2.2805,356.884,16.4596,1.13673,0.935469,-0.636512,-0.771267,56.0865,1.00502,46.951,45.632,46.3775,46.2274,56.9633,55.365,56.2684
-0.215229,-6.83807,0.0001498,-2.28041,357.889,16.1661,1.09558,0.979422,-0.635302,-0.772264,55.4474,1.00672,47.6992,46.381,47.1399,47.0032,56.2934,54.691,55.6136
-0.193308,-6.78903,-0.0001047,-2.28035,358.896,15.5642,1.0867,0.948521,-0.634363,-0.773036,54.8083,1.00864,48.4704,47.1793,47.9037,47.781,55.6483,54.075,54.9577
-0.170233,-6.79661,-0.0002208,-2.28046,359.905,15.2558,1.06154,1.01346,-0.633693,-0.773585,54.1689,1.01077,49.2337,47.9188,48.6689,48.561,54.9901,53.3849,54.3006
-0.146181,-6.71463,-0.0003151,-2.28086,360.915,14.6209,1.0132,1.0618,-0.633294,-0.773912,53.5287,1.01311,49.9846,48.6705,49.4355,49.3429,54.3128,52.707,53.6418
-0.121413,-6.74306,-0.0002871,-2.28107,361.928,14.2958,1.02148,1.04874,-0.633163,-0.774019,52.8874,1.01566,50.7736,49.4628,50.2037,50.1268,53.678,52.0756,52.9813
-0.0963135,-6.64004,-4.96e-05,-2.28132,362.944,13.622,0.977226,1.09777,-0.633299,-0.773907,52.2445,1.01841,51.5316,50.2175,50.9737,50.9127,53.0007,51.3949,52.319
-0.0713807,-6.67799,0.000102,-2.28131,363.963,13.2764,0.959768,1.06396,-0.6337,-0.773579,51.5995,1.02136,52.3086,51.0262,51.7457,51.7004,52.342,50.7765,51.6548
-0.0471735,-6.63417,0.000232,-2.28119,364.984,12.9195,0.939103,1.1359,-0.634363,-0.773036,50.9522,1.02452,53.0857,51.7694,52.5199,52.49,51.6782,50.0741,50.9887
-0.0242142,-6.59766,0.0003083,-2.28078,366.008,12.183,0.893077,1.18192,-0.635286,-0.772277,50.302,1.02789,53.8488,52.5305,53.2968,53.2814,50.9917,49.3892,50.3207
-0.0028847,-6.56917,0.0002302,-2.28059,367.036,11.7978,0.901959,1.16934,-0.636455,-0.771314,49.6486,1.03148,54.6486,53.3303,54.0764,54.0745,50.3443,48.7467,49.6508
0.016561,-6.51335,0.000344,-2.28035,368.068,10.9954,0.860878,1.21412,-0.637907,-0.770114,48.9915,1.03529,55.4186,54.0949,54.8588,54.8694,49.6545,48.0565,48.9787
0.0335056,-6.50185,0.0017137,-2.27963,369.103,10.5726,0.864507,1.19265,-0.639485,-0.768803,48.3303,1.03929,56.2188,54.9033,55.6445,55.666,48.9949,47.4134,48.3045
0.0458078,-6.44053,0.0036787,-2.27546,370.142,9.67956,0.834674,1.24033,-0.641775,-0.766893,47.6646,1.04092,56.9998,55.6681,56.4347,56.4641,48.3047,46.7134,47.6295
0.0487541,-6.49493,0.0021277,-2.27343,371.183,9.20203,0.801246,1.27375,-0.649215,-0.760605,46.9931,1.03553,57.7803,56.4332,57.2285,57.2601,47.6026,46.0243,46.9561
0.0347463,-6.18243,-0.0071998,-2.27603,372.219,8.16725,0.839157,1.23584,-0.665029,-0.746817,46.3129,1.02396,58.5999,57.22,58.0188,58.0419,46.9396,45.3899,46.2869
-6.33e-05,-5.67267,-0.0147688,-2.28369,373.243,7.61897,0.850063,1.22494,-0.688983,-0.724778,45.6204,1.00802,59.3818,57.9521,58.7961,58.7961,46.2365,44.7326,45.6204
-0.0560036,-4.20409,-0.0382406,-2.31879,374.251,6.56571,0.953273,1.1169,-0.721187,-0.69274,44.9124,0.989862,60.197,58.704,59.5499,59.5095,45.5727,44.1387,44.9512
-0.129642,-3.10744,-0.057446,-2.35213,375.241,6.10106,1.05813,1.01687,-0.761391,-0.648293,44.1855,0.971473,60.9745,59.3946,60.2676,60.1688,44.8715,43.5263,44.2696
-0.210389,-2.59699,-0.0840683,-2.4015,376.212,5.73346,1.22634,0.848656,-0.808571,-0.588399,43.4364,0.954898,61.7525,60.0747,60.931,60.7609,44.158,42.9371,43.5602
-0.281848,-2.11621,-0.143609,-2.56039,377.167,5.10929,1.42225,0.652752,-0.860675,-0.509155,42.6618,0.940729,62.4964,60.7105,61.5149,61.2723,43.3859,42.3294,42.8053
-0.325632,-0.677916,-0.169298,-2.66983,378.108,4.81063,1.55432,0.524368,-0.909849,-0.41494,41.8583,0.933249,63.1063,61.215,61.9884,61.6921,42.5032,41.6407,41.9934
-0.322124,-0.154331,-0.170134,-2.91259,379.041,4.65906,1.31926,0.579878,-0.948916,-0.31553,41.0228,0.935931,63.2722,61.4701,62.326,62.0203,41.4391,40.8398,41.1244
-0.266333,0.562326,-0.156931,-3.02812,379.977,4.63582,1.27472,0.734168,-0.976335,-0.216264,40.1523,0.948717,63.5048,61.5434,62.5203,62.2602,40.4279,39.9935,40.2099
-0.164337,1.75874,-0.125768,-3.12695,380.926,4.71996,1.15337,0.934838,-0.992583,-0.121572,39.2437,0.970117,63.5601,61.4874,62.5784,62.4153,39.3839,39.13,39.2636
-0.0383109,4.0212,-0.0655643,3.02459,381.896,5.3559,0.96029,1.04491,-0.999389,-0.0349506,38.2939,1.00014,63.4485,61.4446,62.5271,62.4888,38.3275,38.2574,38.2952
0.0855277,5.31655,-0.0433071,2.98643,382.896,5.85792,0.887709,1.11749,-0.999128,0.0417476,37.2999,1.04041,63.3712,61.3678,62.3988,62.4843,37.2629,37.3466,37.3035
0.187376,5.3349,-0.0285405,2.96158,383.936,6.46206,0.811278,1.19392,-0.994205,0.107504,36.2587,1.08821,63.2116,61.218,62.2188,62.405,36.1715,36.387,36.2788
0.253369,0.908643,-0.0100591,2.93633,385.025,7.52072,0.812319,1.2044,-0.986144,0.165888,35.1699,1.12044,63.0553,61.0665,62.0044,62.2542,35.0352,35.3697,35.212
0.269226,-4.2078,-0.0067988,2.9259,386.145,7.50402,0.813373,1.23153,-0.974573,0.224071,34.0559,1.12896,62.8256,60.8327,61.7705,62.0329,33.8736,34.3318,34.1162
0.224602,-5.28575,-0.0100271,2.92003,387.274,7.10067,0.763757,1.22358,-0.957938,0.286976,32.9496,1.11741,62.4728,60.569,61.526,61.7412,32.7304,33.3007,33.0141
0.118762,-5.44321,-0.0311485,2.89298,388.391,5.95566,0.86254,1.21733,-0.933467,0.358663,31.8842,1.08984,62.1842,60.2427,61.2682,61.379,31.5749,32.3208,31.9268
-0.0396757,-4.18959,-0.0462006,2.86596,389.481,5.27727,0.917599,1.12077,-0.895987,0.44408,30.8929,1.05231,61.7688,59.9424,60.9822,60.9466,30.4854,31.3906,30.8753
-0.232537,-2.7082,-0.152938,2.74074,390.534,4.16746,1.11845,0.969399,-0.83614,0.548515,30.0087,1.00687,61.3791,59.6334,60.6384,60.444,29.3953,30.5405,29.8812
-0.399965,-2.03628,-0.260995,2.59693,391.54,3.68461,1.24996,0.803917,-0.736722,0.676196,29.2649,0.953754,60.792,59.2789,60.1658,59.8711,28.4197,29.8085,28.9944
-0.46477,-0.302732,-0.429817,2.09561,392.494,2.98948,1.36843,0.706572,-0.577343,0.816502,28.6962,0.890174,60.0231,58.8251,59.5014,59.233,27.5789,29.2731,28.3167
-0.41539,-0.464569,-0.403654,1.80805,393.384,2.91774,1.51088,0.515533,-0.31434,0.949311,28.3476,0.836358,59.0387,58.4017,58.6943,58.5638,26.9133,28.837,27.9533
-0.364123,-0.530906,-0.489504,1.49294,394.221,2.80407,1.45413,0.485877,0.121307,0.992615,28.2681,0.833731,57.7321,57.9675,57.8643,57.9085,26.8247,28.7504,27.9067
-0.371465,-1.74846,-0.595573,1.11748,395.054,2.66825,1.4472,0.643092,0.586781,0.809746,28.5065,0.913518,56.4633,57.6898,57.0945,57.3124,27.3346,29.0272,28.2057
-0.378111,-0.0475125,-0.285838,0.488405,395.968,1.65789,1.26929,0.800106,0.843252,0.537518,29.0833,1.00188,55.7357,57.4808,56.4872,56.8061,28.4011,29.5134,28.8801
-0.316654,1.224,-0.172012,0.328981,396.97,1.63771,1.16665,0.886597,0.914386,0.404844,29.9207,1.09997,55.3018,57.1793,56.079,56.3686,29.4484,30.2796,29.7925
-0.176743,2.37474,-0.0178697,0.21084,398.07,2.63246,1.10467,0.942987,0.936103,0.351726,30.9189,1.14744,54.934,56.8508,55.8026,55.9681,30.5303,31.2505,30.8567
-0.0142209,3.27815,0.0255573,0.213697,399.217,3.20225,1.06576,0.966701,0.938382,0.3456,31.9834,1.15228,54.5746,56.4818,55.5613,55.5747,31.615,32.3175,31.9785
0.120353,3.13081,0.0354137,0.264276,400.369,4.53522,1.02031,1.07617,0.932133,0.362117,33.0533,1.12509,54.2211,56.1753,55.2843,55.1722,32.6838,33.443,33.0969
0.233264,-3.25603,0.0818114,0.344295,401.495,5.06141,0.948074,1.08326,0.915598,0.402095,34.0813,1.06827,53.8819,55.7418,54.9636,54.75,33.7001,34.5169,34.1751
0.32129,-2.66535,0.116208,0.412438,402.563,4.58907,0.811078,1.27487,0.881369,0.472428,35.0202,0.990727,53.5828,55.4213,54.5808,54.2976,34.637,35.6225,35.172
0.377425,-2.26739,0.285278,0.671575,403.554,3.69183,0.606147,1.38231,0.812048,0.583591,35.8227,0.911689,53.3122,54.927,54.1109,53.8045,35.4689,36.6294,36.0429
0.387082,-0.687467,0.425576,0.923688,404.465,3.23347,0.462918,1.59633,0.664656,0.747149,36.4416,0.852523,52.9523,54.321,53.5172,53.2599,36.0957,37.6343,36.7308
0.340242,-0.386076,0.522506,1.24919,405.318,3.08106,0.544315,1.39683,0.368241,0.92973,36.8296,0.812095,52.4531,53.1679,52.7788,52.6535,36.3235,38.1282,37.1459
0.281727,-0.217466,0.419513,1.58635,406.13,2.99206,0.643938,1.24467,-0.0055318,0.999985,36.9513,0.825876,51.9814,51.971,51.9763,51.9779,36.3074,38.196,37.233
0.236284,-0.106597,0.310795,1.83945,406.956,2.94075,0.784981,1.271,-0.291472,0.956579,36.8287,0.891688,51.4702,50.871,51.1726,51.2414,36.0778,38.0445,37.0547
0.18441,1.01974,0.161983,2.16234,407.847,2.98521,0.979098,1.0959,-0.460972,0.887414,36.5009,0.976954,50.9088,49.9523,50.3725,50.4575,35.632,37.4734,36.6645
0.104562,4.90478,0.0892048,2.24929,408.824,3.21544,1.10323,0.971768,-0.561368,0.827566,36.0072,1.05215,50.2585,49.0936,49.5805,49.6392,35.0942,36.8114,36.0938
0.0217633,5.27296,0.0223041,2.3162,409.877,4.99262,1.20324,0.871763,-0.621406,0.783489,35.3869,1.10545,49.5474,48.258,48.7862,48.7997,34.4442,36.0699,35.4039
-0.0381796,4.95322,0.0165739,2.32978,410.982,5.68403,1.19227,0.882733,-0.657267,0.753657,34.6791,1.13089,48.736,47.3722,47.9775,47.9524,33.7805,35.3444,34.6503
-0.0777385,5.00537,0.0004061,2.34083,412.113,6.81093,1.19849,0.876512,-0.676368,0.736564,33.9231,1.12613,47.921,46.5175,47.1629,47.1103,33.0403,34.5687,33.8658
-0.100518,5.05279,-0.0021104,2.34024,413.239,7.30727,1.12972,0.945275,-0.685241,0.728316,33.1553,1.11083,47.0595,45.6376,46.3543,46.2854,32.3325,33.8438,33.0821
-0.110022,5.09674,-0.0058891,2.33453,414.35,8.22831,1.10562,0.969378,-0.689122,0.724646,32.3912,1.0947,46.2403,44.8104,45.5542,45.4784,31.59,33.0937,32.3115
-0.109561,2.80188,-0.0128505,2.3218,415.445,8.9718,1.02381,1.05119,-0.688484,0.725252,31.6368,1.07756,45.3901,43.9615,44.7607,44.6853,30.8943,32.3992,31.5574
-0.100863,-1.32337,-0.0175737,2.31119,416.522,9.1878,1.00077,1.07423,-0.682939,0.730476,30.898,1.05929,44.5854,43.1683,43.9709,43.902,30.167,31.6827,30.8244
-0.0842961,-3.309,-0.0257722,2.28117,417.581,8.90479,0.934296,1.1407,-0.672144,0.74042,30.1808,1.03996,43.7524,42.3577,43.1811,43.1245,29.4891,31.0254,30.1184
-0.0611855,-2.77429,-0.0312119,2.2613,418.621,8.64077,0.940487,1.13451,-0.655553,0.755149,29.4911,1.01982,42.9652,41.6049,42.3887,42.3486,28.7809,30.3479,29.4449
-0.0320813,-2.23005,-0.0428378,2.20923,419.641,8.20299,0.917415,1.15759,-0.632475,0.774581,28.8349,0.999304,42.1507,40.8383,41.5907,41.5704,28.1243,29.7316,28.8101
0.0024356,-1.97778,-0.0479838,2.17749,420.64,8.01043,0.926249,1.14875,-0.602074,0.79844,28.2181,0.979009,41.3434,40.0941,40.7843,40.7858,27.4785,29.1353,28.22
0.0397203,-1.83599,-0.0506799,2.1429,421.619,7.8357,0.979834,1.10338,-0.563433,0.826162,27.6466,0.959934,40.5426,39.3689,39.9682,39.9906,26.8371,28.5582,27.6794
0.0748081,-1.00185,-0.0599725,2.06541,422.579,7.52886,1.01703,1.05768,-0.515644,0.856803,27.1264,0.943674,39.7052,38.6354,39.1422,39.1808,26.255,28.0327,27.1905
0.103878,-0.421454,-0.061806,2.02282,423.523,7.43514,1.06646,1.02301,-0.458018,0.888943,26.6635,0.932242,38.8408,37.8838,38.3048,38.3524,25.7155,27.5729,26.7558
0.120539,-0.318597,-0.0612383,1.97964,424.455,7.39535,1.09886,0.970539,-0.390236,0.920715,26.2637,0.928512,37.93,37.1224,37.4541,37.5012,25.252,27.1573,26.3747
0.117073,-0.271093,-0.0665929,1.89209,425.384,7.33915,1.07562,0.995722,-0.313009,0.94975,25.9331,0.935401,36.9599,36.3115,36.5866,36.6232,24.9115,26.8788,26.0443
0.0901173,-0.269798,-0.0742572,1.84257,426.319,7.31325,1.03386,1.0068,-0.226831,0.973934,25.6775,0.955121,35.9489,35.486,35.6939,35.7144,24.6706,26.6581,25.7653
0.0420248,-0.265872,-0.0746574,1.79048,427.274,7.28738,1.05909,0.956175,-0.139707,0.990193,25.5023,0.982958,34.9188,34.6373,34.765,34.7709,24.4536,26.4491,25.5439
-0.0190058,0.0962387,-0.0650857,1.69165,428.257,7.24295,1.06872,0.974057,-0.0653294,0.997864,25.4033,1.01033,33.8639,33.7304,33.7953,33.794,24.3368,26.3752,25.3843
-0.0818969,0.76563,-0.0604376,1.6478,429.268,7.25225,1.16906,0.990338,-0.0072612,0.999974,25.3681,1.03357,32.7978,32.7821,32.7899,32.7893,24.1991,26.3584,25.2862
-0.136744,2.23443,-0.0479867,1.5714,430.301,7.45123,1.03797,0.96723,0.0365641,0.999331,25.3844,1.05107,31.7242,31.7975,31.7572,31.7622,24.3471,26.351,25.2478
-0.177202,3.20067,-0.0402905,1.54054,431.352,7.65826,1.0272,1.0136,0.0671962,0.99774,25.4398,1.06226,30.6492,30.7863,30.7063,30.7182,24.4149,26.4511,25.263
-0.200929,4.84233,-0.0256668,1.49442,432.415,8.27895,1.08581,1.06259,0.0857685,0.996315,25.5218,1.06689,29.5698,29.7541,29.6457,29.6629,24.44,26.5805,25.3216
-0.207333,2.38817,-0.018371,1.47902,433.481,8.67871,1.06204,1.00057,0.0929624,0.99567,25.618,1.06505,28.5032,28.6949,28.5826,28.6019,24.5605,26.6142,25.4115
-0.196823,-3.6295,-0.0042198,1.46328,434.546,8.89868,1.13208,0.989855,0.0890522,0.996027,25.716,1.05713,27.4398,27.6288,27.5231,27.5407,24.5884,26.7019,25.5199
-0.169885,-5.4284,0.0024498,1.46264,435.604,8.60845,1.14191,0.863286,0.0738605,0.997269,25.8033,1.04405,26.4004,26.5485,26.4722,26.4847,24.6645,26.6642,25.6339
-0.125681,-5.02321,0.0142612,1.47385,436.648,7.63996,1.20618,0.79902,0.0467692,0.998906,25.8676,1.02742,25.3832,25.477,25.4337,25.4396,24.6627,26.6657,25.742
-0.0621379,-4.09815,0.025642,1.48778,437.675,7.16496,1.23445,0.924949,0.0067611,0.999977,25.8963,1.00903,24.4025,24.4171,24.4105,24.4109,24.6619,26.8213,25.8342
0.0169735,-2.76708,0.0585579,1.5456,438.684,6.38625,1.13823,0.866974,-0.0474835,0.998872,25.8772,0.990823,23.4581,23.3629,23.4033,23.4041,24.7402,26.7432,25.8941
0.103254,-2.29557,0.0767554,1.59284,439.675,6.07539,1.05964,0.971434,-0.117252,0.993102,25.7977,0.975528,22.549,22.3109,22.4127,22.4248,24.7454,26.7624,25.9002
0.189211,-1.97965,0.116231,1.72647,440.65,5.54298,0.906022,1.10183,-0.203477,0.97908,25.6454,0.966243,21.6628,21.2542,21.4399,21.4784,24.7584,26.7242,25.8307
0.268201,-1.70962,0.139178,1.81627,441.617,5.28708,0.818462,1.19041,-0.30501,0.952349,25.408,0.96164,20.8203,20.2076,20.4889,20.5707,24.6285,26.5417,25.6634
0.327137,-0.713823,0.149119,1.91713,442.578,5.05567,0.692614,1.30204,-0.407212,0.913334,25.077,0.960335,19.9873,19.1751,19.572,19.7053,24.4444,26.2662,25.3758
0.348895,-0.28606,0.150314,2.12971,443.539,4.9084,0.548426,1.4707,-0.496906,0.867804,24.6575,0.963922,19.1531,18.1498,18.7072,18.8806,24.1816,25.9338,24.9603
0.322881,0.608685,0.144194,2.23281,444.503,4.86744,0.527119,1.56989,-0.573271,0.819366,24.1574,0.971496,18.3959,17.1938,17.9086,18.0937,23.7255,25.4437,24.4219
0.249594,1.91429,0.112967,2.32279,445.474,4.9542,0.757073,1.31793,-0.636603,0.771192,23.5843,0.980847,17.8239,16.5029,17.183,17.3419,23.0004,24.6007,23.7768
0.15195,5.16217,0.0568012,2.43984,446.455,5.64378,0.987191,1.10242,-0.688146,0.725572,22.9461,0.990813,17.3017,15.8637,16.5178,16.6223,22.2298,23.746,23.0564
0.0553203,5.52296,0.0385593,2.47317,447.446,6.25133,1.13992,0.93508,-0.72949,0.683992,22.2507,1.00178,16.7637,15.25,15.8917,15.9321,21.471,22.8902,22.2885
-0.0249364,5.63884,0.0192753,2.51167,448.448,7.4032,1.25361,0.835266,-0.762251,0.647282,21.5057,1.01363,16.224,14.6317,15.2874,15.2684,20.6943,22.0464,21.4896
-0.0832785,5.46428,0.0137614,2.52323,449.461,7.91843,1.30828,0.766721,-0.787879,0.61583,20.7191,1.02523,15.6591,14.0243,14.694,14.6284,19.9134,21.1913,20.6678
-0.119008,5.49189,0.006397,2.53699,450.486,8.83459,1.34122,0.755791,-0.807583,0.589754,19.8986,1.03518,15.0924,13.3989,14.1053,14.0092,19.1076,20.3443,19.8284
-0.133437,5.35456,0.0035597,2.54047,451.522,9.25951,1.33171,0.761605,-0.822313,0.569035,19.052,1.04219,14.5032,12.7818,13.5179,13.4081,18.2942,19.4854,18.9761
-0.128929,5.42758,-0.0004962,2.54245,452.564,10.0399,1.289,0.786001,-0.832779,0.553606,18.1872,1.04522,13.8957,12.1676,12.9296,12.8222,17.4736,18.6223,18.1158
-0.108733,5.35283,-0.0021151,2.54154,453.609,10.4114,1.24064,0.840109,-0.839465,0.543413,17.3119,1.04345,13.2901,11.5434,12.3399,12.2487,16.6377,17.7684,17.2528
-0.0768108,8.03857,-0.0054609,2.53635,454.652,10.9488,1.18134,0.897836,-0.842657,0.538451,16.4339,0,12.6801,10.9281,11.7494,11.6846,15.7978,16.9174,16.3926
